geneSymbol	diseaseClass	diseaseClassLabel
A2M	D012140	16
A2ML1	D010038	15
AARS2	D009422	13
ABCA1	D009422	13
ABCA13	D013568	17
ABCA3	D012140	16
ABCA4	D005128	4
ABCA7	D009422	13
ABCB1	D009422	13
ABCB11	D004066	2
ABCB5	D009369	12
ABCB6	D009750	14
ABCB7	D006425	6
ABCC1	D009422	13
ABCC11	D013568	17
ABCC12	D064419	21
ABCC2	D004066	2
ABCC3	D004066	2
ABCC4	D064419	21
ABCC6	D009750	14
ABCC8	D009750	14
ABCC9	D002318	1
ABCD1	D009358	11
ABCD4	D013568	17
ABCF1	D007154	7
ABCG1	D013568	17
ABCG2	D009369	12
ABCG5	D002318	1
ABCG8	D004066	2
ABHD12	D005128	4
ABI3	D009422	13
ABL1	D009369	12
ABLIM1	D064419	21
ABO	D004066	2
ABT1	D013568	17
ACAA2	D012140	16
ACACA	D002318	1
ACACB	D009750	14
ACADM	D004066	2
ACADS	D002318	1
ACADVL	D013568	17
ACE	D004066	2
ACE2	D005261	5
ACER3	D009369	12
ACHE	D064419	21
ACKR1	D007239	8
ACKR3	D009369	12
ACKR4	D005261	5
ACLY	D002318	1
ACO2	D012140	16
ACOT2	D002318	1
ACP5	D004700	3
ACSL6	D006425	6
ACTA1	D002318	1
ACTA2	D012140	16
ACTB	D009422	13
ACTC1	D005128	4
ACTG1	D002318	1
ACTN2	D002318	1
ACTN4	D009369	12
ACTRT1	D009369	12
ACVR1	D009369	12
ACVR2A	D013568	17
ACVR2B	D009358	11
ACVRL1	D013568	17
ADA	D002318	1
ADAM10	D009422	13
ADAM17	D007154	7
ADAM33	D012140	16
ADAM9	D005128	4
ADAMTS1	D009422	13
ADAMTS13	D006425	6
ADAMTS20	D009369	12
ADAMTS7	D002318	1
ADAMTSL2	D013568	17
ADARB2	D064419	21
ADCY1	D064419	21
ADCY10	D013568	17
ADCY5	D013568	17
ADCY7	D009369	12
ADCY8	D064419	21
ADCYAP1	D002318	1
ADD1	D002318	1
ADD3	D009422	13
ADGRE5	D012140	16
ADGRG2	D052801	20
ADGRV1	D009358	11
ADH1A	D004066	2
ADH1B	D004066	2
ADH1C	D064419	21
ADH4	D004066	2
ADH5	D064419	21
ADH6	D064419	21
ADH7	D064419	21
ADIPOQ	D012140	16
ADK	D013568	17
ADM	D004066	2
ADM2	D002318	1
ADORA1	D002318	1
ADORA2A	D013568	17
ADRA1A	D013568	17
ADRA1B	D013568	17
ADRA1D	D002318	1
ADRA2A	D013568	17
ADRA2B	D009422	13
ADRA2C	D002318	1
ADRB1	D002318	1
ADRB2	D009750	14
ADRB3	D002318	1
ADTRP	D002318	1
AFAP1L2	D009369	12
AFF4	D013568	17
AFG3L2	D009422	13
AFM	D064419	21
AFP	D004066	2
AGBL4	D064419	21
AGER	D012140	16
AGGF1	D002318	1
AGMO	D009422	13
AGO1	D064419	21
AGO2	D064419	21
AGPAT1	D005128	4
AGPAT3	D009422	13
AGRN	D009369	12
AGT	D012140	16
AGTPBP1	D013568	17
AGTR1	D005261	5
AGTR2	D002318	1
AHCY	D004066	2
AHI1	D009358	11
AHNAK	D017437	19
AHR	D005261	5
AHSG	D009750	14
AICDA	D007154	7
AIFM1	D005128	4
AIMP2	D009422	13
AIP	D009369	12
AIPL1	D009358	11
AIRE	D007239	8
AK1	D006425	6
AK5	D064419	21
AKAP10	D002318	1
AKAP7	D064419	21
AKAP9	D017437	19
AKR1A1	D004066	2
AKR1B1	D005128	4
AKR1B10	D017437	19
AKR1C1	D005261	5
AKR1C2	D005261	5
AKR1C3	D005261	5
AKR1C4	D064419	21
AKR1D1	D004066	2
AKT1	D013568	17
AKT2	D009369	12
ALAD	D004066	2
ALAS1	D009750	14
ALAS2	D006425	6
ALB	D007239	8
ALCAM	D009369	12
ALDH1A1	D004066	2
ALDH1A2	D009422	13
ALDH1A3	D009369	12
ALDH1B1	D004066	2
ALDH2	D004066	2
ALDH3A1	D005128	4
ALDH3B2	D064419	21
ALDH4A1	D004066	2
ALDH5A1	D009422	13
ALDH6A1	D002318	1
ALDH7A1	D009422	13
ALDH8A1	D004066	2
ALDOA	D002318	1
ALDOB	D013568	17
ALK	D012140	16
ALMS1	D005128	4
ALOX12	D009422	13
ALOX12B	D009369	12
ALOX15	D002318	1
ALOX5	D002318	1
ALOX5AP	D002318	1
ALPG	D005261	5
ALPK1	D013568	17
ALPL	D009750	14
ALS2	D009422	13
AMACR	D009369	12
AMBP	D064419	21
AMFR	D009422	13
AMH	D005261	5
AMHR2	D005261	5
AMN	D013568	17
AMPD2	D009422	13
ANAPC1	D064419	21
ANG	D013568	17
ANGPT1	D013568	17
ANGPT2	D009369	12
ANGPTL3	D009750	14
ANGPTL4	D004066	2
ANK1	D009140	10
ANKH	D009140	10
ANKK1	D064419	21
ANKRD1	D002318	1
ANKS1A	D002318	1
ANO4	D064419	21
ANO6	D006425	6
ANTXR2	D009140	10
ANXA1	D009369	12
ANXA2	D009369	12
ANXA4	D009369	12
ANXA5	D009369	12
ANXA6	D009369	12
AOAH	D064419	21
AOC1	D002318	1
AOC3	D002318	1
AP1B1	D013568	17
AP1S3	D017437	19
AP2M1	D009422	13
AP2S1	D009750	14
AP3B1	D012140	16
AP3D1	D006425	6
APAF1	D005128	4
APBA2	D017437	19
APBB2	D013568	17
APC	D009369	12
APC2	D009358	11
APCDD1	D017437	19
APCS	D002318	1
APEX1	D013568	17
APLN	D002318	1
APLP2	D002318	1
APOA1	D002318	1
APOA4	D002318	1
APOA5	D002318	1
APOB	D004066	2
APOBEC3A	D009369	12
APOBEC3B	D009369	12
APOC1	D002318	1
APOC2	D009750	14
APOC3	D009750	14
APOD	D009422	13
APOE	D005261	5
APOH	D007154	7
APOL1	D007239	8
APOL2	D064419	21
APP	D013568	17
APPL2	D064419	21
AQP1	D004700	3
AQP2	D002318	1
AQP3	D009369	12
AQP4	D013568	17
AQP5	D013568	17
AQP9	D009369	12
AR	D009369	12
ARC	D009422	13
AREG	D012140	16
ARFGAP1	D009422	13
ARFGAP2	D013568	17
ARG1	D009369	12
ARG2	D013568	17
ARHGAP15	D004066	2
ARHGAP26	D006425	6
ARHGAP28	D005261	5
ARHGAP45	D009369	12
ARHGAP9	D002318	1
ARHGDIB	D002318	1
ARHGEF12	D013568	17
ARID1A	D009369	12
ARID1B	D009422	13
ARID4B	D009369	12
ARID5B	D064419	21
ARL13B	D009358	11
ARL2	D009369	12
ARL5B	D009369	12
ARL6	D009358	11
ARL6IP5	D064419	21
ARNT	D005261	5
ARNTL	D002318	1
ARNTL2	D064419	21
ARPC1B	D006425	6
ARPC2	D004066	2
ARRB2	D064419	21
ARX	D009422	13
AS3MT	D009369	12
ASAH2	D004066	2
ASCC1	D009422	13
ASCL1	D009422	13
ASF1A	D009369	12
ASIC1	D013568	17
ASIC2	D013568	17
ASIC3	D013568	17
ASIP	D009369	12
ASPG	D004066	2
ASPSCR1	D009369	12
ASTN2	D009422	13
ASXL1	D006425	6
ASXL2	D009369	12
ASXL3	D009422	13
ATAD3A	D009140	10
ATF2	D013568	17
ATF3	D009422	13
ATF4	D004066	2
ATF7IP	D009369	12
ATG16L1	D004066	2
ATG2B	D006425	6
ATG5	D013568	17
ATG7	D013568	17
ATIC	D064419	21
ATM	D013568	17
ATN1	D009422	13
ATOH1	D009369	12
ATOH7	D005128	4
ATOX1	D004066	2
ATP11A	D012140	16
ATP13A2	D009422	13
ATP1A1	D004700	3
ATP1A2	D009422	13
ATP1A3	D002318	1
ATP1B1	D064419	21
ATP1B2	D009369	12
ATP2A1	D002318	1
ATP2A2	D002318	1
ATP2A3	D009369	12
ATP2B1	D002318	1
ATP2B3	D004700	3
ATP5F1A	D009422	13
ATP5F1B	D013568	17
ATP5PF	D002318	1
ATP6AP2	D013568	17
ATP7A	D013568	17
ATP7B	D004066	2
ATP8B1	D004066	2
ATP9B	D064419	21
ATPAF2	D009750	14
ATR	D009369	12
ATRX	D006425	6
ATXN1	D009422	13
ATXN10	D009358	11
ATXN2	D005128	4
ATXN3	D013568	17
ATXN7	D009422	13
AURKA	D009422	13
AUTS2	D009422	13
AVP	D002318	1
AVPR2	D002318	1
AXIN1	D009358	11
AXIN2	D013568	17
AXL	D004700	3
AZGP1	D009369	12
B2M	D064419	21
B3GAT1	D004066	2
B3GLCT	D005128	4
B9D1	D009358	11
B9D2	D009358	11
BAAT	D004066	2
BACE1	D009422	13
BACH2	D009369	12
BAD	D009369	12
BAG3	D064419	21
BAK1	D013568	17
BAMBI	D002318	1
BAP1	D009369	12
BARD1	D009369	12
BASP1	D009369	12
BATF2	D009369	12
BATF3	D007239	8
BAX	D013568	17
BBS1	D009358	11
BBS2	D009358	11
BBS4	D009358	11
BBS5	D009358	11
BBS7	D009358	11
BBS9	D009358	11
BCAP31	D009358	11
BCAR1	D009369	12
BCAR3	D064419	21
BCAT1	D013568	17
BCAT2	D009369	12
BCHE	D064419	21
BCL10	D009369	12
BCL11A	D009369	12
BCL2	D009369	12
BCL2L1	D009369	12
BCL2L11	D004066	2
BCL3	D002318	1
BCO1	D009750	14
BCOR	D009369	12
BCR	D013568	17
BCS1L	D009750	14
BDKRB1	D009422	13
BDKRB2	D002318	1
BDNF	D064419	21
BEST1	D005128	4
BEX4	D004066	2
BFSP1	D005128	4
BFSP2	D005128	4
BGLAP	D009750	14
BHLHE40	D009369	12
BHMT	D064419	21
BIN1	D009422	13
BIRC2	D009369	12
BIRC3	D004066	2
BIRC5	D009369	12
BIRC6	D009369	12
BLM	D006425	6
BLVRA	D004066	2
BMI1	D006425	6
BMP2	D002318	1
BMP4	D009750	14
BMP6	D009750	14
BMP7	D012140	16
BMP8A	D002318	1
BMPR1A	D005261	5
BMPR1B	D004066	2
BOP1	D013568	17
BRAF	D013568	17
BRCA1	D006425	6
BRCA2	D006425	6
BRD1	D009369	12
BRD2	D009369	12
BRD4	D009369	12
BRD8	D005261	5
BRIP1	D006425	6
BSCL2	D009422	13
BSG	D013568	17
BSN	D002318	1
BST1	D012140	16
BTBD1	D013568	17
BTG2	D017437	19
BTG3	D004066	2
BUB1B	D009369	12
C1D	D064419	21
C1GALT1C1	D007154	7
C1QA	D007154	7
C1QB	D002318	1
C1R	D005261	5
C2	D017437	19
C3	D009750	14
C4A	D007154	7
C4B	D007154	7
C5	D017437	19
C6	D009750	14
C8A	D007239	8
C8orf37	D005128	4
C9	D064419	21
CA1	D009369	12
CA2	D009369	12
CA4	D005128	4
CA9	D009369	12
CABP4	D009422	13
CACNA1A	D009422	13
CACNA1B	D009422	13
CACNA1C	D009750	14
CACNA1D	D004700	3
CACNA1F	D005128	4
CACNA1H	D009422	13
CACNA1S	D013568	17
CACNA2D1	D002318	1
CACNA2D4	D005128	4
CACNB2	D002318	1
CACNB4	D009422	13
CALB2	D005128	4
CALCA	D012140	16
CALCR	D009750	14
CALM1	D009422	13
CALM2	D064419	21
CALR	D006425	6
CALY	D002318	1
CAMK2A	D064419	21
CAMK2B	D064419	21
CAMK2D	D002318	1
CAMK2G	D009422	13
CAMK4	D064419	21
CAMKK1	D009422	13
CAMTA1	D009369	12
CANX	D002318	1
CAPG	D009369	12
CAPN1	D009369	12
CAPN2	D009369	12
CAPN5	D005128	4
CAPZB	D002318	1
CARD14	D017437	19
CARD18	D009369	12
CARD8	D012140	16
CARD9	D004066	2
CARM1	D017437	19
CARS1	D064419	21
CARTPT	D004700	3
CASK	D009422	13
CASP1	D007154	7
CASP10	D009369	12
CASP3	D009422	13
CASP7	D009369	12
CASP8	D009369	12
CASP9	D009422	13
CASQ2	D002318	1
CASR	D004700	3
CASS4	D009422	13
CAST	D004066	2
CAT	D012140	16
CAV1	D017437	19
CAV2	D005128	4
CAV3	D013568	17
CAVIN1	D013568	17
CBFB	D009369	12
CBL	D006425	6
CBLB	D009369	12
CBLC	D009369	12
CBR1	D002318	1
CBS	D009750	14
CCAR2	D013568	17
CCBE1	D013568	17
CCDC28B	D009358	11
CCDC88B	D007239	8
CCDC88C	D009422	13
CCHCR1	D064419	21
CCK	D004066	2
CCKAR	D064419	21
CCKBR	D064419	21
CCL1	D005261	5
CCL11	D012140	16
CCL17	D007154	7
CCL19	D007154	7
CCL2	D012140	16
CCL20	D007154	7
CCL22	D005261	5
CCL24	D007154	7
CCL27	D017437	19
CCL3	D012140	16
CCL4	D012140	16
CCL5	D012140	16
CCL7	D007154	7
CCL8	D007154	7
CCN1	D017437	19
CCN2	D012140	16
CCN6	D009140	10
CCNA1	D009369	12
CCNA2	D009369	12
CCNB1	D009369	12
CCND1	D009369	12
CCND2	D009422	13
CCND3	D009369	12
CCNE1	D009369	12
CCNE2	D009369	12
CCNH	D009369	12
CCNO	D012140	16
CCNY	D004066	2
CCR1	D007154	7
CCR2	D012140	16
CCR3	D012140	16
CCR4	D009369	12
CCR6	D007154	7
CCR9	D007154	7
CCRL2	D017437	19
CCS	D004066	2
CCT7	D013568	17
CD14	D004066	2
CD164	D005261	5
CD2	D002318	1
CD209	D007239	8
CD226	D005261	5
CD247	D017437	19
CD27	D013568	17
CD274	D064419	21
CD28	D017437	19
CD2AP	D009422	13
CD33	D009369	12
CD36	D007239	8
CD38	D002318	1
CD3D	D004066	2
CD3E	D007154	7
CD4	D013568	17
CD40	D009750	14
CD40LG	D002318	1
CD44	D009369	12
CD46	D007239	8
CD55	D005261	5
CD59	D006425	6
CD68	D005261	5
CD7	D005261	5
CD74	D004066	2
CD79B	D004066	2
CD81	D007154	7
CD83	D017437	19
CD84	D005261	5
CD86	D017437	19
CD8A	D005261	5
CD9	D009369	12
CDC25B	D002318	1
CDC42	D009369	12
CDC42BPG	D009369	12
CDC73	D004700	3
CDCA7	D004066	2
CDH1	D009369	12
CDH10	D064419	21
CDH11	D009140	10
CDH12	D064419	21
CDH13	D064419	21
CDH15	D064419	21
CDH17	D009358	11
CDH18	D064419	21
CDH2	D013568	17
CDH23	D009358	11
CDH3	D005128	4
CDH5	D013568	17
CDH6	D013568	17
CDH8	D064419	21
CDH9	D064419	21
CDK2	D009369	12
CDK20	D064419	21
CDK3	D009369	12
CDK4	D009369	12
CDK5	D009422	13
CDK5R1	D009422	13
CDK6	D009369	12
CDKAL1	D013568	17
CDKL2	D013568	17
CDKL5	D009422	13
CDKN1A	D009369	12
CDKN1B	D009369	12
CDKN1C	D013568	17
CDKN2A	D009422	13
CDKN2B	D006425	6
CDKN2C	D009369	12
CDS1	D009369	12
CDSN	D017437	19
CEACAM1	D005261	5
CEACAM5	D005261	5
CEACAM6	D005261	5
CEBPA	D012140	16
CEBPB	D012140	16
CEBPD	D009369	12
CEBPE	D006425	6
CEL	D004066	2
CELA2A	D002318	1
CELA3B	D004066	2
CELSR2	D005261	5
CEP164	D009358	11
CEP290	D009358	11
CEP41	D009358	11
CERKL	D005128	4
CERS1	D009422	13
CERS6	D064419	21
CES1	D064419	21
CES2	D064419	21
CES3	D002318	1
CETP	D009750	14
CFAP52	D009358	11
CFD	D012140	16
CFH	D007239	8
CFHR5	D004066	2
CFL1	D009369	12
CFLAR	D006425	6
CFTR	D064419	21
CGA	D009369	12
CGB3	D004700	3
CHAF1A	D009057	9
CHAF1B	D009057	9
CHAT	D005128	4
CHCHD3	D064419	21
CHD1L	D064419	21
CHD2	D009422	13
CHD5	D009369	12
CHD6	D009369	12
CHD7	D004700	3
CHD8	D004066	2
CHEK1	D013568	17
CHEK2	D009369	12
CHI3L1	D009369	12
CHIA	D005261	5
CHM	D005128	4
CHMP1A	D009422	13
CHMP4B	D005128	4
CHMP5	D009369	12
CHN2	D009369	12
CHPT1	D012140	16
CHRM1	D009422	13
CHRM2	D064419	21
CHRM3	D009358	11
CHRM5	D064419	21
CHRNA1	D013568	17
CHRNA2	D009422	13
CHRNA3	D064419	21
CHRNA4	D009422	13
CHRNA5	D064419	21
CHRNA6	D064419	21
CHRNA7	D009422	13
CHRNB2	D009422	13
CHRNB3	D064419	21
CHRNB4	D064419	21
CHRNG	D009140	10
CHST14	D009358	11
CHUK	D009140	10
CIB2	D005128	4
CIC	D009369	12
CIDEA	D002318	1
CILK1	D009422	13
CIRBP	D002318	1
CISH	D009369	12
CITED2	D009369	12
CKAP5	D013568	17
CKB	D002318	1
CKM	D002318	1
CLCN2	D004700	3
CLCN3	D009369	12
CLCN5	D009369	12
CLCNKA	D002318	1
CLDN1	D005261	5
CLDN2	D004066	2
CLEC11A	D007239	8
CLEC1A	D007239	8
CLEC4A	D007154	7
CLEC4D	D012140	16
CLEC4E	D012140	16
CLEC5A	D007239	8
CLEC7A	D007239	8
CLIC4	D013568	17
CLMP	D004066	2
CLN3	D013568	17
CLN5	D005128	4
CLN6	D013568	17
CLN8	D005128	4
CLNS1A	D009369	12
CLOCK	D064419	21
CLP1	D009422	13
CLPB	D009422	13
CLRN1	D009358	11
CLU	D009422	13
CMA1	D012140	16
CNDP2	D004066	2
CNGA3	D005128	4
CNGB1	D005128	4
CNGB3	D005128	4
CNIH3	D005261	5
CNN3	D009369	12
CNNM1	D009369	12
CNNM4	D005128	4
CNPY2	D013568	17
CNR1	D064419	21
CNR2	D009369	12
CNST	D004700	3
CNTF	D013568	17
CNTN2	D009422	13
CNTN4	D013568	17
CNTN6	D009369	12
CNTNAP2	D009422	13
COG1	D007239	8
COG4	D009369	12
COG5	D007239	8
COL11A1	D005128	4
COL11A2	D005128	4
COL13A1	D005261	5
COL18A1	D009750	14
COL1A1	D005261	5
COL1A2	D005261	5
COL23A1	D009369	12
COL28A1	D064419	21
COL2A1	D005128	4
COL3A1	D012140	16
COL4A1	D009422	13
COL4A5	D009369	12
COL4A6	D005261	5
COL5A1	D005261	5
COL5A2	D005261	5
COL6A1	D005261	5
COL6A3	D005261	5
COL7A1	D013568	17
COL8A1	D002318	1
COL9A1	D005128	4
COL9A2	D005261	5
COL9A3	D017437	19
COLEC12	D064419	21
COLQ	D004066	2
COMMD1	D007154	7
COMP	D009140	10
COMT	D009369	12
COPA	D012140	16
COPS2	D005261	5
COPS7A	D013568	17
CORO1A	D009369	12
COX10	D009750	14
COX15	D009750	14
COX17	D004066	2
COX4I1	D009750	14
COX4I2	D009750	14
COX5B	D002318	1
COX6B1	D009750	14
COX8A	D064419	21
CP	D009422	13
CPA1	D004066	2
CPA2	D013568	17
CPB2	D013568	17
CPE	D009750	14
CPLX1	D009358	11
CPM	D005261	5
CPS1	D009369	12
CPSF1	D013568	17
CPT1A	D004066	2
CPT1B	D002318	1
CPT1C	D009422	13
CR1	D009422	13
CR2	D007154	7
CRB1	D009358	11
CRBN	D009358	11
CREB1	D064419	21
CREB5	D005261	5
CREBBP	D009369	12
CREG1	D002318	1
CRELD1	D009358	11
CREM	D017437	19
CRH	D009422	13
CRHBP	D064419	21
CRHR1	D064419	21
CRHR2	D064419	21
CRISPLD2	D004066	2
CRK	D002318	1
CRLF2	D009369	12
CRP	D007239	8
CRPPA	D009422	13
CRX	D009358	11
CRYAA	D005128	4
CRYAB	D005128	4
CRYBA1	D005128	4
CRYGC	D005128	4
CRYGD	D005128	4
CS	D002318	1
CSF1	D009140	10
CSF1R	D009422	13
CSF2	D012140	16
CSF2RA	D012140	16
CSF2RB	D012140	16
CSF3	D012140	16
CSF3R	D006425	6
CSN2	D009369	12
CSN3	D009369	12
CSNK2A1	D009369	12
CSNK2A2	D009369	12
CSNK2B	D009369	12
CSRP1	D005261	5
CSRP3	D064419	21
CST3	D009369	12
CST6	D009369	12
CSTA	D017437	19
CSTB	D009369	12
CTBP1	D009358	11
CTC1	D006425	6
CTF1	D009750	14
CTH	D009369	12
CTLA4	D009422	13
CTNNA1	D006425	6
CTNNA2	D064419	21
CTNNA3	D064419	21
CTNNB1	D013568	17
CTNND2	D009422	13
CTRB1	D013568	17
CTRC	D004066	2
CTSB	D009369	12
CTSC	D009057	9
CTSD	D013568	17
CTSH	D009369	12
CTSK	D009369	12
CTSS	D017437	19
CTSZ	D009369	12
CTTN	D009369	12
CUBN	D064419	21
CUL2	D004066	2
CUL3	D009369	12
CUX1	D006425	6
CUX2	D009358	11
CX3CL1	D007154	7
CX3CR1	D017437	19
CXCL1	D007154	7
CXCL10	D005261	5
CXCL12	D002318	1
CXCL13	D005261	5
CXCL14	D064419	21
CXCL2	D012140	16
CXCL3	D002318	1
CXCL5	D007154	7
CXCL8	D012140	16
CXCL9	D007154	7
CXCR1	D004066	2
CXCR2	D013568	17
CXCR3	D007154	7
CYB5R3	D006425	6
CYBA	D002318	1
CYBB	D002318	1
CYBRD1	D009750	14
CYC1	D009750	14
CYCS	D004066	2
CYGB	D004066	2
CYLD	D009369	12
CYP11A1	D004700	3
CYP11B1	D004700	3
CYP11B2	D004700	3
CYP17A1	D004700	3
CYP19A1	D004700	3
CYP1A1	D005261	5
CYP1A2	D004066	2
CYP1B1	D004066	2
CYP24A1	D005261	5
CYP26A1	D005261	5
CYP26B1	D009057	9
CYP27A1	D002318	1
CYP27B1	D009750	14
CYP2A13	D064419	21
CYP2A6	D012140	16
CYP2B6	D009369	12
CYP2C18	D009369	12
CYP2C19	D002318	1
CYP2C8	D009422	13
CYP2C9	D002318	1
CYP2D6	D064419	21
CYP2E1	D004066	2
CYP2S1	D017437	19
CYP3A5	D002318	1
CYP46A1	D009422	13
CYP4V2	D005128	4
CYP7A1	D009750	14
CYP7B1	D004066	2
CYP8B1	D004066	2
CYRIB	D002318	1
CYSLTR2	D012140	16
CYTL1	D064419	21
DAB2IP	D002318	1
DAG1	D007239	8
DAO	D009358	11
DAPK1	D009422	13
DAPK2	D009369	12
DAXX	D009369	12
DBH	D009369	12
DBI	D009369	12
DCC	D009369	12
DCHS1	D002318	1
DCN	D013568	17
DCSTAMP	D005261	5
DCTN1	D009422	13
DCUN1D3	D009369	12
DDAH1	D004066	2
DDAH2	D002318	1
DDB1	D013568	17
DDB2	D009369	12
DDC	D009422	13
DDIT3	D004066	2
DDIT4	D013568	17
DDR1	D009369	12
DDR2	D009369	12
DDX1	D064419	21
DDX11	D013568	17
DDX3X	D009422	13
DDX5	D005261	5
DDX54	D009369	12
DDX58	D013568	17
DECR1	D064419	21
DEFA3	D009369	12
DEFA5	D009369	12
DEFA6	D004066	2
DEFB1	D017437	19
DENND1B	D004066	2
DEPDC5	D009422	13
DES	D002318	1
DEUP1	D009369	12
DFFB	D013568	17
DGAT1	D013568	17
DGAT2	D004066	2
DGUOK	D009750	14
DHCR24	D007239	8
DHCR7	D005128	4
DHDDS	D005128	4
DHFR	D005261	5
DHX15	D009369	12
DICER1	D009369	12
DIO1	D004700	3
DIO2	D005261	5
DIRAS3	D009369	12
DKK1	D005261	5
DKK2	D064419	21
DLAT	D002318	1
DLC1	D009369	12
DLD	D006425	6
DLG2	D009369	12
DLK1	D006425	6
DLL1	D009140	10
DLL3	D009140	10
DLX5	D009140	10
DMBT1	D009369	12
DMD	D002318	1
DMRT1	D009369	12
DNAAF1	D009358	11
DNAAF2	D009358	11
DNAH11	D009358	11
DNAH5	D009358	11
DNAH8	D064419	21
DNAH9	D009358	11
DNAI1	D012140	16
DNAI2	D012140	16
DNAJA1	D009057	9
DNAJB9	D004066	2
DNAJC1	D009369	12
DNAJC10	D009369	12
DNAJC15	D009369	12
DNAJC21	D006425	6
DNAL1	D012140	16
DNM1	D009422	13
DNM1L	D009422	13
DNMT1	D009369	12
DNMT3A	D009369	12
DNMT3B	D009369	12
DOCK1	D064419	21
DOCK8	D009369	12
DPAGT1	D013568	17
DPP10	D009369	12
DPP7	D013568	17
DPPA3	D009369	12
DPT	D002318	1
DPYD	D009422	13
DPYSL2	D009422	13
DRAP1	D009369	12
DRD1	D064419	21
DRD2	D064419	21
DRD3	D009422	13
DRD4	D009422	13
DRD5	D005128	4
DSC1	D009369	12
DSC2	D002318	1
DSCAM	D064419	21
DSCAML1	D064419	21
DSG1	D007154	7
DSG2	D002318	1
DSG4	D017437	19
DSP	D012140	16
DSPP	D009057	9
DSTN	D002318	1
DTL	D009369	12
DTNA	D002318	1
DTNBP1	D064419	21
DTX1	D009369	12
DTX4	D009369	12
DUOX2	D004700	3
DUOXA2	D004700	3
DUSP1	D005261	5
DUSP10	D013568	17
DUSP5	D002318	1
DUSP6	D009369	12
DYNC1I1	D009422	13
DYNC1LI2	D013568	17
DYNC2H1	D009358	11
DYRK1A	D009422	13
DYRK2	D009369	12
E2F1	D009369	12
E2F2	D013568	17
E2F4	D013568	17
E2F5	D013568	17
E2F7	D013568	17
E2F8	D013568	17
EARS2	D009422	13
EBF1	D012140	16
ECE1	D009422	13
ECHDC1	D009369	12
ECHS1	D064419	21
ECM1	D005261	5
EDA	D009369	12
EDN1	D012140	16
EDN2	D002318	1
EDN3	D009358	11
EDNRA	D002318	1
EDNRB	D009358	11
EEF1A1	D009369	12
EEF1A2	D009422	13
EEF2	D009369	12
EFEMP1	D009369	12
EFEMP2	D012140	16
EFHC1	D009422	13
EFHD1	D009369	12
EFNB1	D013568	17
EFNB2	D009369	12
EGF	D012140	16
EGFR	D009369	12
EGLN1	D006425	6
EGLN2	D006425	6
EGLN3	D006425	6
EGR1	D013568	17
EGR2	D002318	1
EHD3	D009369	12
EHHADH	D064419	21
EHMT1	D009369	12
EHMT2	D009369	12
EID1	D009369	12
EIF2A	D002318	1
EIF2AK3	D002318	1
EIF2AK4	D007154	7
EIF2B1	D009422	13
EIF2B2	D009422	13
EIF2B3	D009422	13
EIF2B4	D009422	13
EIF2B5	D009422	13
EIF2S1	D009422	13
EIF2S3	D004700	3
EIF4A2	D064419	21
EIF4A3	D009140	10
EIF4EBP1	D009369	12
EIF5A	D009369	12
EIPR1	D064419	21
ELAC2	D009750	14
ELANE	D006425	6
ELAVL1	D005261	5
ELK3	D002318	1
ELMOD2	D012140	16
ELN	D012140	16
ELOVL4	D005128	4
ELOVL6	D002318	1
EMD	D002318	1
EMP1	D005261	5
EMX2	D005261	5
EN1	D009422	13
ENAH	D009369	12
ENG	D012140	16
ENO1	D002318	1
ENO2	D009369	12
ENO3	D004066	2
ENOX2	D009369	12
ENPP1	D009750	14
ENPP2	D004066	2
ENSA	D002318	1
ENTPD6	D009369	12
EP300	D009369	12
EPAS1	D006425	6
EPB41	D009369	12
EPCAM	D009369	12
EPDR1	D005128	4
EPG5	D002318	1
EPHA1	D009422	13
EPHA2	D005128	4
EPHA3	D009369	12
EPHA7	D064419	21
EPHA8	D064419	21
EPHB2	D009369	12
EPHB6	D009369	12
EPHX1	D012140	16
EPHX2	D002318	1
EPHX3	D009369	12
EPN3	D002318	1
EPO	D006425	6
EPOR	D006425	6
EPPK1	D017437	19
EPS8L3	D017437	19
EPX	D006425	6
ERAP1	D017437	19
ERAP2	D004066	2
ERBB2	D009369	12
ERBB3	D009369	12
ERBB4	D009369	12
ERBIN	D009369	12
ERCC1	D009422	13
ERCC2	D017437	19
ERCC3	D009422	13
ERCC4	D009422	13
ERCC5	D009369	12
ERCC6	D017437	19
ERCC6L2	D006425	6
ERCC8	D017437	19
ERG	D009369	12
ERGIC3	D009369	12
ERLEC1	D004066	2
ERLIN2	D009422	13
ERN1	D009369	12
ERRFI1	D005261	5
ESPL1	D009369	12
ESPN	D010038	15
ESR1	D012140	16
ESR2	D002318	1
ESRRA	D009750	14
ETFA	D004066	2
ETFDH	D009750	14
ETNK1	D006425	6
ETS2	D013568	17
ETV6	D064419	21
EXOC3L2	D006425	6
EXOSC2	D009369	12
EXOSC3	D009422	13
EXOSC5	D013568	17
EYA1	D009358	11
EZH2	D006425	6
EZR	D009369	12
F10	D002318	1
F11	D002318	1
F12	D002318	1
F13A1	D006425	6
F2	D004066	2
F2R	D004066	2
F2RL1	D002318	1
F2RL3	D004066	2
F3	D002318	1
F5	D006425	6
F7	D002318	1
F8	D006425	6
F9	D002318	1
FAAH	D064419	21
FABP2	D064419	21
FABP3	D013568	17
FABP4	D009369	12
FABP5	D002318	1
FADD	D004066	2
FAH	D004066	2
FAM107A	D009369	12
FAM126A	D064419	21
FAM126B	D013568	17
FAM13A	D012140	16
FAM155A	D004066	2
FAM161A	D005128	4
FAM92A	D009358	11
FANCA	D006425	6
FANCB	D006425	6
FANCC	D006425	6
FANCD2	D006425	6
FANCF	D006425	6
FANCG	D006425	6
FANCI	D006425	6
FANCL	D006425	6
FANCM	D006425	6
FARP1	D064419	21
FARP2	D013568	17
FARSB	D012140	16
FAS	D004066	2
FASLG	D002318	1
FASN	D002318	1
FASTKD2	D009750	14
FAT1	D009369	12
FAT4	D009369	12
FBL	D007154	7
FBLN1	D005261	5
FBLN2	D013568	17
FBLN5	D002318	1
FBN1	D009750	14
FBXL19	D017437	19
FBXO21	D013568	17
FBXO38	D009422	13
FBXO7	D009422	13
FBXW7	D009369	12
FCER2	D009422	13
FCGR1A	D009750	14
FCGR2A	D002318	1
FCGR2B	D006425	6
FCGR3B	D009750	14
FCN3	D007154	7
FDFT1	D064419	21
FECH	D013568	17
FERMT2	D005128	4
FERMT3	D013568	17
FETUB	D005261	5
FEV	D002318	1
FEZ2	D002318	1
FEZF1	D004700	3
FGA	D002318	1
FGD1	D013568	17
FGF1	D012140	16
FGF16	D009369	12
FGF17	D004700	3
FGF18	D013568	17
FGF2	D012140	16
FGF21	D004066	2
FGF23	D009750	14
FGF3	D009057	9
FGF7	D012140	16
FGF9	D009369	12
FGFR1	D009369	12
FGFR1OP2	D006425	6
FGFR2	D009369	12
FGFR3	D009369	12
FGFR4	D009369	12
FGFRL1	D009358	11
FH	D009369	12
FHIT	D064419	21
FHL1	D002318	1
FHL2	D009369	12
FHL5	D009422	13
FHOD3	D064419	21
FIG4	D009140	10
FIP1L1	D002318	1
FIS1	D013568	17
FKBP5	D005261	5
FKTN	D002318	1
FLCN	D012140	16
FLG	D017437	19
FLI1	D009369	12
FLNA	D009422	13
FLOT1	D007239	8
FLRT3	D005261	5
FLT1	D013568	17
FLT3	D009369	12
FLT4	D006425	6
FLVCR1	D005128	4
FMC1	D009422	13
FMO2	D005261	5
FMR1	D013568	17
FN1	D012140	16
FOLR1	D009422	13
FOLR2	D004066	2
FOS	D009422	13
FOSB	D009422	13
FOSL2	D009369	12
FOXA1	D004066	2
FOXA2	D012140	16
FOXC1	D005128	4
FOXC2	D006425	6
FOXE3	D005128	4
FOXF1	D012140	16
FOXG1	D009422	13
FOXH1	D009358	11
FOXM1	D009369	12
FOXO1	D009369	12
FOXO3	D012140	16
FOXP2	D009369	12
FOXRED1	D009750	14
FPR1	D009057	9
FPR2	D004066	2
FREM2	D005128	4
FRK	D009750	14
FRMD3	D017437	19
FRS2	D009369	12
FSCN2	D005128	4
FSHB	D004700	3
FST	D005261	5
FSTL1	D013568	17
FTH1	D009750	14
FTL	D009422	13
FUBP1	D009369	12
FURIN	D009369	12
FUS	D009422	13
FUT2	D007239	8
FUT4	D002318	1
FXYD2	D009750	14
FXYD3	D002318	1
FXYD6	D009369	12
FYB1	D006425	6
FYCO1	D005128	4
FYN	D012140	16
FZD4	D005128	4
FZR1	D013568	17
G0S2	D009369	12
G6PC3	D006425	6
G6PD	D007239	8
GAA	D002318	1
GAB2	D009369	12
GABBR1	D064419	21
GABRA1	D009422	13
GABRA2	D064419	21
GABRA5	D009358	11
GABRA6	D064419	21
GABRB1	D012140	16
GABRB2	D009422	13
GABRB3	D009422	13
GABRD	D009422	13
GABRG1	D064419	21
GABRG2	D009422	13
GABRG3	D009358	11
GABRQ	D009422	13
GABRR1	D064419	21
GABRR2	D004066	2
GAD1	D009422	13
GAD2	D064419	21
GADD45A	D017437	19
GADD45B	D017437	19
GAL	D064419	21
GALK1	D005128	4
GALNT3	D009750	14
GALR1	D064419	21
GALR3	D064419	21
GALT	D005128	4
GAN	D009422	13
GAP43	D064419	21
GAPDH	D002318	1
GAPDHS	D009422	13
GAR1	D006425	6
GARS1	D009422	13
GAS2	D009369	12
GAS2L1	D009369	12
GAS6	D002318	1
GAST	D004066	2
GATA1	D006425	6
GATA2	D006425	6
GATA3	D009369	12
GATA4	D013568	17
GATA5	D002318	1
GATA6	D013568	17
GATM	D002318	1
GBA	D009422	13
GBA3	D064419	21
GBP2	D002318	1
GC	D004066	2
GCG	D002318	1
GCGR	D004700	3
GCH1	D009422	13
GCK	D009750	14
GCKR	D009750	14
GCLC	D006425	6
GCLM	D064419	21
GCM2	D004700	3
GDA	D009369	12
GDF1	D009358	11
GDF10	D009369	12
GDF15	D002318	1
GDF3	D009369	12
GDF5	D009140	10
GDNF	D009422	13
GEMIN4	D064419	21
GFAP	D009422	13
GFER	D064419	21
GFI1	D006425	6
GFI1B	D006425	6
GGCX	D006425	6
GGH	D009369	12
GGT1	D009369	12
GH1	D006425	6
GHR	D002318	1
GHRH	D012140	16
GHRL	D002318	1
GHSR	D064419	21
GINS2	D009369	12
GIP	D013568	17
GIPR	D013568	17
GJA1	D013568	17
GJA3	D005128	4
GJA4	D002318	1
GJA5	D002318	1
GJA8	D005128	4
GJB1	D009369	12
GJB2	D005128	4
GJB3	D009422	13
GJB6	D005128	4
GJC1	D002318	1
GJC2	D006425	6
GJD2	D005128	4
GJE1	D009422	13
GK	D002318	1
GKN1	D009369	12
GLA	D002318	1
GLB1	D017437	19
GLI1	D009422	13
GLI2	D009369	12
GLIS2	D009358	11
GLIS3	D005128	4
GLMN	D009369	12
GLO1	D009369	12
GLP1R	D009369	12
GLRA1	D009422	13
GLRX5	D006425	6
GLS	D005261	5
GLUD1	D009750	14
GLUL	D064419	21
GMPR2	D009369	12
GNA11	D009750	14
GNA12	D002318	1
GNAI1	D064419	21
GNAI2	D009369	12
GNAI3	D010038	15
GNAL	D009422	13
GNAO1	D009422	13
GNAQ	D009369	12
GNAS	D009369	12
GNAT1	D005128	4
GNAT2	D005128	4
GNB3	D002318	1
GNG8	D004066	2
GNMT	D004066	2
GNPDA2	D013568	17
GNRH1	D004700	3
GNRHR	D004700	3
GOLGA4	D017437	19
GOPC	D009369	12
GOSR2	D009422	13
GOT2	D013568	17
GP1BA	D002318	1
GP1BB	D006425	6
GP2	D013568	17
GPAM	D009369	12
GPBAR1	D013568	17
GPC3	D009369	12
GPD1	D009750	14
GPD1L	D004066	2
GPER1	D012140	16
GPHA2	D009369	12
GPHN	D064419	21
GPI	D006425	6
GPIHBP1	D009750	14
GPNMB	D004066	2
GPR143	D005128	4
GPR183	D009369	12
GPR35	D004066	2
GPR55	D009369	12
GPR65	D004066	2
GPSM1	D064419	21
GPX1	D004700	3
GPX3	D009750	14
GPX4	D004066	2
GRB14	D013568	17
GRB7	D009369	12
GREM1	D012140	16
GRIA1	D064419	21
GRIA2	D064419	21
GRIA4	D064419	21
GRIK1	D064419	21
GRIK2	D064419	21
GRIK3	D064419	21
GRIN1	D064419	21
GRIN2A	D009422	13
GRIN2B	D009422	13
GRIN2D	D013568	17
GRIP1	D005128	4
GRK2	D002318	1
GRK5	D004066	2
GRM1	D009422	13
GRM2	D009422	13
GRM3	D009422	13
GRM4	D009422	13
GRM5	D064419	21
GRM6	D005128	4
GRM7	D064419	21
GRM8	D013568	17
GRN	D009422	13
GRP	D009369	12
GSC	D009140	10
GSK3B	D002318	1
GSKIP	D006425	6
GSN	D002318	1
GSR	D004700	3
GSS	D009369	12
GSTA1	D004066	2
GSTA4	D009369	12
GSTA5	D002318	1
GSTM1	D004066	2
GSTM2	D009422	13
GSTM3	D017437	19
GSTM4	D009422	13
GSTM5	D009422	13
GSTO1	D009422	13
GSTP1	D009422	13
GSTT1	D004066	2
GSTT2	D002318	1
GSTZ1	D010038	15
GTF2I	D009369	12
GTPBP1	D004066	2
GTPBP2	D004066	2
GUCA1A	D005128	4
GUCA1B	D005128	4
GUCY1A1	D002318	1
GUCY2C	D004066	2
GUCY2D	D005128	4
GUCY2F	D009369	12
GUSB	D009422	13
GYG1	D002318	1
GZMB	D004066	2
H1-0	D009369	12
H1-2	D009369	12
H1-4	D009369	12
H2AX	D009369	12
H3-3A	D009369	12
HAAO	D009358	11
HABP2	D005261	5
HACE1	D009369	12
HACL1	D004066	2
HADH	D009750	14
HADHA	D002318	1
HADHB	D004066	2
HAND2	D002318	1
HAO2	D004066	2
HARS1	D005128	4
HAS3	D004066	2
HAVCR1	D064419	21
HAVCR2	D006425	6
HBA1	D006425	6
HBB	D007239	8
HBD	D017437	19
HBEGF	D009422	13
HBG1	D017437	19
HCAR2	D017437	19
HCCS	D005128	4
HCN1	D009422	13
HCRT	D009422	13
HCRTR1	D064419	21
HDAC1	D006425	6
HDAC2	D013568	17
HDAC3	D002318	1
HDAC4	D013568	17
HDAC5	D064419	21
HDAC6	D009369	12
HDHD2	D013568	17
HERC2	D004066	2
HERC5	D005261	5
HERPUD1	D064419	21
HES1	D009369	12
HES5	D009422	13
HES7	D009140	10
HEXB	D009422	13
HEY1	D009369	12
HEY2	D002318	1
HFE	D006425	6
HGD	D013568	17
HGF	D012140	16
HHEX	D004066	2
HIC1	D009369	12
HIF1A	D012140	16
HIKESHI	D013568	17
HINT1	D009422	13
HIVEP2	D002318	1
HJV	D004066	2
HK1	D002318	1
HK2	D002318	1
HK3	D004066	2
HLA-A	D009369	12
HLA-B	D007154	7
HLA-C	D009369	12
HLA-DMA	D017437	19
HLA-DPA1	D017437	19
HLA-DPB1	D005261	5
HLA-DQA1	D007154	7
HLA-DQB1	D007154	7
HLA-DRA	D017437	19
HLA-DRB1	D007154	7
HLA-DRB4	D007154	7
HLA-DRB5	D007154	7
HLA-E	D017437	19
HMGA1	D009750	14
HMGA2	D009369	12
HMGB1	D012140	16
HMGCR	D007239	8
HMGCS2	D002318	1
HMGN5	D009369	12
HMGXB4	D009358	11
HMOX1	D012140	16
HNF1A	D009750	14
HNF1B	D004066	2
HNF4A	D004066	2
HNMT	D064419	21
HNRNPA1	D009369	12
HNRNPL	D013568	17
HNRNPU	D009422	13
HOGA1	D004066	2
HOMER1	D064419	21
HOMER2	D064419	21
HOMER3	D009369	12
HOXA10	D005261	5
HOXA11	D005261	5
HOXA13	D005261	5
HOXA5	D009369	12
HOXA9	D009369	12
HOXB13	D009369	12
HOXB3	D013568	17
HOXD10	D009369	12
HOXD11	D009369	12
HOXD13	D006425	6
HOXD9	D009369	12
HP	D002318	1
HP1BP3	D005261	5
HPGD	D009369	12
HPGDS	D004066	2
HPRT1	D013568	17
HPS1	D012140	16
HPS4	D012140	16
HPSE	D009369	12
HPX	D064419	21
HR	D017437	19
HRAS	D009369	12
HRC	D013568	17
HRG	D006425	6
HRH1	D002318	1
HRH2	D002318	1
HRH3	D002318	1
HRH4	D009369	12
HS3ST3B1	D005261	5
HS3ST5	D009369	12
HSD11B1	D009750	14
HSD17B1	D005261	5
HSD17B2	D005261	5
HSD17B4	D009422	13
HSD3B7	D004066	2
HSF1	D009369	12
HSF4	D005128	4
HSP90AA1	D017437	19
HSPA14	D009057	9
HSPA1A	D014947	18
HSPA1B	D002318	1
HSPA2	D002318	1
HSPA4	D064419	21
HSPA8	D002318	1
HSPA9	D004066	2
HSPB1	D002318	1
HSPB6	D064419	21
HSPB8	D009422	13
HSPD1	D002318	1
HSPE1	D002318	1
HTR1A	D064419	21
HTR1B	D064419	21
HTR1D	D002318	1
HTR2A	D012140	16
HTR2B	D002318	1
HTR2C	D009750	14
HTR3A	D064419	21
HTR3B	D064419	21
HTR6	D064419	21
HTR7	D064419	21
HTRA1	D009422	13
HTRA2	D009422	13
HTT	D009422	13
HYLS1	D009358	11
IAPP	D004066	2
IBA57	D009750	14
IBSP	D009140	10
ICAM1	D009422	13
ICE2	D064419	21
ICOS	D007154	7
ICOSLG	D004066	2
ID1	D002318	1
ID2	D009369	12
ID3	D009369	12
ID4	D009369	12
IDE	D009422	13
IDH1	D009369	12
IDH2	D002318	1
IDH3B	D013568	17
IDO1	D009422	13
IER3	D017437	19
IFI30	D009369	12
IFI35	D005261	5
IFI6	D005261	5
IFIH1	D017437	19
IFIT1	D005261	5
IFNA1	D009369	12
IFNA10	D005261	5
IFNA2	D006425	6
IFNA5	D009369	12
IFNAR1	D007239	8
IFNB1	D009369	12
IFNG	D007239	8
IFNGR1	D007239	8
IFNL3	D009369	12
IFNLR1	D017437	19
IFT122	D009422	13
IFT43	D009358	11
IFT88	D009369	12
IGF1	D012140	16
IGF1R	D009422	13
IGF2	D005261	5
IGF2R	D009422	13
IGFALS	D009750	14
IGFBP1	D005261	5
IGFBP2	D009750	14
IGFBP3	D005261	5
IGFBP5	D013568	17
IGFBP6	D005261	5
IGHG2	D007154	7
IGKC	D007154	7
IGSF1	D004700	3
IHH	D005261	5
IKBKB	D009750	14
IKBKG	D004066	2
IKZF1	D007154	7
IKZF5	D006425	6
IL10	D007239	8
IL10RA	D004066	2
IL10RB	D004066	2
IL11	D005261	5
IL12A	D009369	12
IL12B	D012140	16
IL13	D012140	16
IL15	D007239	8
IL16	D005261	5
IL17A	D007154	7
IL17RA	D013568	17
IL17RD	D004700	3
IL18	D007154	7
IL18RAP	D004066	2
IL1A	D004066	2
IL1B	D012140	16
IL1R1	D007154	7
IL1R2	D007154	7
IL1RAP	D009369	12
IL1RAPL1	D009369	12
IL1RN	D012140	16
IL2	D007239	8
IL20RA	D005261	5
IL21	D007154	7
IL23A	D017437	19
IL23R	D004066	2
IL2RA	D007154	7
IL2RB	D007154	7
IL3	D004066	2
IL33	D007154	7
IL36RN	D017437	19
IL4	D012140	16
IL5	D012140	16
IL5RA	D005261	5
IL6	D009369	12
IL6R	D013568	17
IL6ST	D007154	7
IL7R	D005261	5
IL9	D005261	5
IL9R	D004066	2
ILK	D009422	13
IMPA2	D005261	5
IMPACT	D009358	11
IMPDH1	D009358	11
IMPG2	D005128	4
INA	D009422	13
INAVA	D004066	2
INCENP	D009369	12
ING1	D009369	12
ING3	D009369	12
INHA	D005261	5
INHBA	D004066	2
INHBB	D004700	3
INPP4B	D009369	12
INPP5A	D017437	19
INPP5D	D009422	13
INPP5E	D052801	20
INPPL1	D009750	14
INS	D002318	1
INSIG1	D009369	12
INSIG2	D013568	17
INSR	D064419	21
INSRR	D009369	12
INTS13	D017437	19
INVS	D009358	11
IPO11	D013568	17
IQCB1	D009358	11
IQGAP1	D013568	17
IQSEC2	D009422	13
IRAK1	D002318	1
IRF1	D002318	1
IRF2BP2	D009369	12
IRF5	D004066	2
IRF7	D013568	17
IRGM	D004066	2
IRS1	D002318	1
IRS2	D009750	14
IRX1	D012140	16
IRX2	D012140	16
IRX3	D012140	16
IRX4	D009369	12
IRX5	D006425	6
ISCA2	D009750	14
ISL1	D009369	12
ISL2	D004066	2
ISYNA1	D009369	12
ITGA1	D013568	17
ITGA2	D013568	17
ITGA2B	D006425	6
ITGA4	D013568	17
ITGA5	D013568	17
ITGAL	D009369	12
ITGAM	D009750	14
ITGAX	D009369	12
ITGB1	D013568	17
ITGB1BP1	D009140	10
ITGB2	D007154	7
ITGB3	D013568	17
ITGB3BP	D005261	5
ITGB4	D005261	5
ITGB5	D004700	3
ITGB6	D005261	5
ITGB8	D005261	5
ITLN1	D002318	1
ITM2B	D002318	1
ITPA	D006425	6
ITPKC	D002318	1
IVL	D009369	12
IYD	D004700	3
JAG1	D009369	12
JAG2	D009369	12
JAGN1	D006425	6
JAK1	D006425	6
JAK2	D005261	5
JAK3	D009369	12
JMJD1C	D009369	12
JMJD6	D009369	12
JPH2	D002318	1
JRK	D009422	13
JUN	D009422	13
JUNB	D002318	1
JUND	D064419	21
JUP	D013568	17
KANK1	D009422	13
KANK2	D002318	1
KANSL1	D009369	12
KAT6A	D009369	12
KAT8	D002318	1
KCNA2	D013568	17
KCNAB2	D009422	13
KCNB1	D013568	17
KCNC1	D009422	13
KCNC4	D009422	13
KCND2	D009422	13
KCNH1	D009422	13
KCNH2	D009369	12
KCNH5	D009422	13
KCNJ1	D002318	1
KCNJ11	D009750	14
KCNJ13	D009358	11
KCNJ2	D017437	19
KCNJ4	D013568	17
KCNJ5	D009369	12
KCNJ6	D013568	17
KCNJ8	D002318	1
KCNK1	D013568	17
KCNK3	D013568	17
KCNK4	D009057	9
KCNK9	D009422	13
KCNMA1	D013568	17
KCNMB1	D002318	1
KCNN3	D002318	1
KCNQ1	D009369	12
KCNQ2	D009358	11
KCNQ3	D009422	13
KCNQ5	D005128	4
KCNT2	D009422	13
KCNV2	D005128	4
KCTD17	D009422	13
KCTD7	D009422	13
KDM1A	D013568	17
KDM3B	D064419	21
KDM4A	D009369	12
KDM4B	D009369	12
KDM4C	D009369	12
KDM5C	D004700	3
KDM6A	D009369	12
KDM6B	D009369	12
KDR	D009422	13
KDSR	D006425	6
KEAP1	D004066	2
KHDRBS2	D009369	12
KIF11	D013568	17
KIF1B	D009369	12
KIF21B	D004066	2
KIF2C	D017437	19
KIF3A	D009140	10
KIF7	D009358	11
KISS1	D009369	12
KISS1R	D004700	3
KIT	D009369	12
KITLG	D009358	11
KL	D013568	17
KLB	D004066	2
KLF1	D006425	6
KLF10	D002318	1
KLF11	D064419	21
KLF12	D064419	21
KLF13	D005261	5
KLF14	D009750	14
KLF2	D012140	16
KLF4	D002318	1
KLF5	D013568	17
KLF6	D009369	12
KLF9	D002318	1
KLHL7	D005128	4
KLK1	D013568	17
KLK3	D052801	20
KLKB1	D006425	6
KLRB1	D009369	12
KLRK1	D009369	12
KMT2A	D009369	12
KMT2B	D009422	13
KMT2C	D009369	12
KMT2D	D009369	12
KMT2E	D009369	12
KNG1	D006425	6
KNSTRN	D009369	12
KPNA3	D064419	21
KRAS	D009369	12
KRT1	D009369	12
KRT10	D017437	19
KRT14	D009369	12
KRT15	D009369	12
KRT17	D009369	12
KRT18	D004066	2
KRT19	D004066	2
KRT2	D017437	19
KRT20	D009369	12
KRT25	D017437	19
KRT4	D017437	19
KRT5	D009369	12
KRT6B	D009369	12
KRT71	D017437	19
KRT74	D017437	19
KYAT1	D009369	12
KYNU	D009422	13
L2HGDH	D009422	13
L3MBTL2	D009369	12
L3MBTL3	D009369	12
LAMA1	D004066	2
LAMA2	D005128	4
LAMA3	D017437	19
LAMA4	D005261	5
LAMB1	D012140	16
LAMC1	D002318	1
LAMC2	D013568	17
LAMC3	D009422	13
LAMP2	D002318	1
LAMTOR2	D007154	7
LAMTOR5	D009750	14
LARGE1	D064419	21
LAT	D004066	2
LATS1	D009369	12
LATS2	D009369	12
LBP	D009750	14
LCA5	D009358	11
LCAT	D009750	14
LCN2	D009750	14
LCORL	D013568	17
LCP1	D064419	21
LDB3	D002318	1
LDHA	D002318	1
LDLR	D004066	2
LDLRAP1	D009750	14
LEFTY2	D009358	11
LEP	D064419	21
LEPR	D013568	17
LETM1	D009358	11
LFNG	D009140	10
LGALS3	D005261	5
LGALS7	D009369	12
LGR6	D009369	12
LHB	D004700	3
LHCGR	D004700	3
LHX1	D005261	5
LIF	D005261	5
LIG4	D009369	12
LILRA1	D064419	21
LIMCH1	D064419	21
LIN28A	D009369	12
LIN28B	D009369	12
LIN7A	D009369	12
LIPA	D002318	1
LIPC	D009750	14
LIPH	D017437	19
LIPI	D009750	14
LMAN2L	D009422	13
LMCD1	D002318	1
LMNA	D017437	19
LMO1	D009369	12
LMOD1	D002318	1
LMX1B	D009750	14
LONP1	D009750	14
LORICRIN	D009369	12
LOX	D009057	9
LOXL1	D005128	4
LPA	D002318	1
LPAR1	D009369	12
LPGAT1	D013568	17
LPL	D009750	14
LPP	D009369	12
LRAT	D009358	11
LRP1	D009422	13
LRP2	D009750	14
LRP5	D005128	4
LRP8	D013568	17
LRPAP1	D005128	4
LRPPRC	D009750	14
LRRC59	D009369	12
LRRC7	D064419	21
LRRK2	D009422	13
LSS	D007239	8
LTA	D002318	1
LTA4H	D002318	1
LTB4R	D004066	2
LTBP2	D005128	4
LTBP3	D002318	1
LTBP4	D009369	12
LTBR	D007239	8
LTF	D013568	17
LY96	D009369	12
LYL1	D006425	6
LYRM7	D009750	14
LYST	D009422	13
LZTFL1	D005128	4
LZTR1	D009369	12
M6PR	D013568	17
MACIR	D009369	12
MACO1	D009750	14
MACROD2	D064419	21
MAD2L2	D006425	6
MADCAM1	D004066	2
MAF	D005128	4
MAFB	D009140	10
MAFG	D004066	2
MAGEA1	D009369	12
MAGEC1	D009369	12
MAGED4	D009369	12
MAGEE1	D004066	2
MAGI1	D009358	11
MAGI2	D009358	11
MAK	D005128	4
MAL	D009369	12
MAML3	D009369	12
MAOA	D004066	2
MAOB	D013568	17
MAP2	D005261	5
MAP2K1	D002318	1
MAP2K2	D002318	1
MAP2K6	D007154	7
MAP2K7	D002318	1
MAP3K5	D002318	1
MAP3K7	D004066	2
MAP3K8	D002318	1
MAP4	D013568	17
MAPK1	D013568	17
MAPK11	D002318	1
MAPK13	D004066	2
MAPK14	D004066	2
MAPK3	D013568	17
MAPK6	D013568	17
MAPK8	D009369	12
MAPK9	D009369	12
MAPKAPK3	D009369	12
MAPRE1	D002318	1
MAPRE3	D005261	5
MAPT	D009422	13
MARCHF6	D009422	13
MARCKS	D009369	12
MARK2	D009369	12
MAS1	D002318	1
MASP2	D013568	17
MASTL	D006425	6
MAT1A	D004066	2
MAX	D009369	12
MBL2	D009422	13
MBOAT1	D004066	2
MBP	D009422	13
MC1R	D009369	12
MC2R	D002318	1
MC4R	D009750	14
MCL1	D009369	12
MCM4	D007154	7
MCM5	D064419	21
MDH1	D012140	16
MDH2	D009369	12
MDK	D009369	12
MDM2	D009369	12
MDM4	D009369	12
ME1	D013568	17
MECOM	D006425	6
MECP2	D012140	16
MED1	D005261	5
MED12	D009369	12
MED13	D013568	17
MED14	D005261	5
MED16	D005261	5
MED17	D005261	5
MED4	D005261	5
MEF2C	D009422	13
MEF2D	D009422	13
MEFV	D017437	19
MELTF	D009369	12
MEN1	D004700	3
MEOX2	D002318	1
MERTK	D009369	12
MESP2	D009140	10
MEST	D013568	17
MET	D009369	12
METRNL	D009750	14
MFF	D002318	1
MFN2	D013568	17
MGA	D009369	12
MGAT2	D005261	5
MGAT5	D007239	8
MGME1	D012140	16
MGMT	D009369	12
MGP	D005261	5
MGST1	D009422	13
MIA3	D002318	1
MICA	D009057	9
MICB	D007239	8
MICU1	D009422	13
MIER2	D009369	12
MIF	D009369	12
MINPP1	D009369	12
MIP	D005128	4
MITF	D009358	11
MKI67	D009422	13
MKKS	D009358	11
MKNK1	D064419	21
MKRN3	D004700	3
MKS1	D009358	11
MLC1	D009358	11
MLF1	D009369	12
MLLT10	D009369	12
MMP1	D004066	2
MMP10	D017437	19
MMP11	D005261	5
MMP12	D005261	5
MMP14	D012140	16
MMP15	D005261	5
MMP19	D005261	5
MMP2	D012140	16
MMP21	D017437	19
MMP26	D005261	5
MMP3	D012140	16
MMP7	D005261	5
MMP8	D017437	19
MMP9	D012140	16
MN1	D009369	12
MOBP	D064419	21
MOCOS	D002318	1
MOG	D009422	13
MON1A	D009750	14
MORF4L1	D009369	12
MPC1	D064419	21
MPDZ	D064419	21
MPIG6B	D006425	6
MPO	D009422	13
MPP1	D009369	12
MPP7	D064419	21
MPRIP	D013568	17
MPST	D009369	12
MPV17	D009750	14
MPZ	D013568	17
MPZL1	D009369	12
MRAP	D004700	3
MRAS	D002318	1
MRC1	D009750	14
MRC2	D009369	12
MRE11	D009369	12
MRPL13	D013568	17
MRPS11	D013568	17
MRPS18B	D013568	17
MRPS6	D002318	1
MS4A1	D007154	7
MS4A2	D007154	7
MSH2	D009369	12
MSH3	D013568	17
MSH6	D013568	17
MSL3	D013568	17
MSLN	D009369	12
MSN	D002318	1
MSRA	D064419	21
MST1	D004066	2
MSTN	D002318	1
MSX1	D009358	11
MSX2	D005261	5
MT1A	D004066	2
MT2A	D009369	12
MT3	D012140	16
MT4	D064419	21
MTA1	D005261	5
MTA2	D005261	5
MTAP	D009369	12
MTARC1	D064419	21
MTARC2	D064419	21
MTCL1	D012140	16
MTHFD1	D005261	5
MTHFR	D009422	13
MTNR1A	D005128	4
MTOR	D012140	16
MTPAP	D009369	12
MTR	D009422	13
MTRR	D009369	12
MTTP	D004066	2
MUC1	D009369	12
MUC2	D009369	12
MUC4	D005261	5
MUTYH	D009369	12
MVK	D013568	17
MX1	D009369	12
MX2	D009369	12
MYB	D009369	12
MYBL1	D009369	12
MYBPC3	D002318	1
MYC	D002318	1
MYCBP	D009369	12
MYCL	D009369	12
MYCN	D009369	12
MYD88	D013568	17
MYH10	D009422	13
MYH11	D009369	12
MYH6	D002318	1
MYH7	D002318	1
MYH9	D006425	6
MYL2	D002318	1
MYL3	D002318	1
MYL4	D002318	1
MYL9	D009422	13
MYLIP	D005261	5
MYLK	D004066	2
MYLK2	D002318	1
MYO10	D013568	17
MYO1B	D013568	17
MYO5A	D009422	13
MYO5B	D004066	2
MYO5C	D064419	21
MYO6	D064419	21
MYO7A	D009358	11
MYOC	D005128	4
MYOCD	D002318	1
MYOD1	D009369	12
MYOM1	D002318	1
MYOT	D009422	13
MYOZ2	D002318	1
MYPN	D002318	1
MYSM1	D006425	6
N4BP2L2	D017437	19
NAB2	D009369	12
NABP1	D009369	12
NACC1	D009369	12
NADSYN1	D009358	11
NAGA	D009422	13
NAGS	D013568	17
NAMPT	D009369	12
NANOG	D009369	12
NANS	D009140	10
NAP1L4	D064419	21
NAT1	D009369	12
NAT2	D002318	1
NAV3	D064419	21
NAXD	D013568	17
NBAS	D013568	17
NBN	D009057	9
NCAM1	D005261	5
NCF1	D002318	1
NCF4	D004066	2
NCL	D002318	1
NCOA1	D005261	5
NCOA3	D009369	12
NCOA6	D005261	5
NCOR1	D009369	12
NCR3	D007239	8
NCS1	D064419	21
NCSTN	D009422	13
NDC1	D013568	17
NDN	D009369	12
NDNF	D005261	5
NDP	D005128	4
NDRG1	D009369	12
NDRG2	D005128	4
NDUFA1	D009750	14
NDUFA10	D009750	14
NDUFA11	D009750	14
NDUFA13	D009750	14
NDUFA2	D009750	14
NDUFA6	D009750	14
NDUFA8	D009750	14
NDUFAF1	D009750	14
NDUFAF2	D009750	14
NDUFAF3	D009750	14
NDUFAF4	D009750	14
NDUFAF5	D009750	14
NDUFB10	D009750	14
NDUFB11	D009750	14
NDUFB3	D009750	14
NDUFB8	D009750	14
NDUFB9	D009750	14
NDUFS1	D002318	1
NDUFS2	D009750	14
NDUFS3	D009750	14
NDUFS4	D009750	14
NDUFS5	D009750	14
NDUFS6	D009750	14
NDUFS7	D009750	14
NDUFS8	D009750	14
NDUFV1	D009750	14
NDUFV2	D009750	14
NDUFV3	D009750	14
NEBL	D002318	1
NECTIN1	D007239	8
NECTIN2	D009369	12
NEDD4	D002318	1
NEDD4L	D005261	5
NEFH	D009422	13
NEFM	D005261	5
NEIL1	D004066	2
NEK1	D009358	11
NEK7	D013568	17
NEK8	D009358	11
NELFA	D009358	11
NES	D009422	13
NEU1	D009422	13
NEUROD1	D009422	13
NEXN	D002318	1
NF1	D009369	12
NF2	D009369	12
NFATC2	D009422	13
NFE2L2	D012140	16
NFIB	D009369	12
NFKB1	D007154	7
NFKB2	D007154	7
NFKBIA	D009369	12
NFKBIE	D009369	12
NFU1	D009750	14
NFXL1	D004066	2
NGF	D009422	13
NGFR	D009422	13
NHLRC1	D009422	13
NIBAN1	D004066	2
NID1	D013568	17
NIPBL	D009140	10
NKX2-1	D012140	16
NKX2-3	D004066	2
NKX2-5	D009358	11
NLGN4X	D064419	21
NLK	D009369	12
NLRC4	D004066	2
NLRP3	D005128	4
NME1	D002318	1
NME2	D009369	12
NME8	D012140	16
NMNAT1	D013568	17
NMNAT2	D009369	12
NMUR2	D064419	21
NOD1	D009422	13
NOD2	D004066	2
NODAL	D009358	11
NOG	D009140	10
NOL3	D009750	14
NONO	D009750	14
NOP16	D009369	12
NOP56	D013568	17
NOS1	D004066	2
NOS2	D009369	12
NOS3	D002318	1
NOTCH1	D009369	12
NOTCH2	D009140	10
NOTCH2NLC	D009422	13
NOTCH3	D009369	12
NOTCH4	D009369	12
NOX1	D002318	1
NOX4	D002318	1
NPAP1	D009369	12
NPC1	D007239	8
NPHP1	D009358	11
NPHP3	D009358	11
NPHP4	D009358	11
NPL	D004066	2
NPM1	D009369	12
NPPA	D002318	1
NPPB	D002318	1
NPPC	D013568	17
NPR1	D002318	1
NPR2	D009140	10
NPR3	D013568	17
NPRL2	D009422	13
NPRL3	D009422	13
NPSR1	D064419	21
NPTN	D002318	1
NPTX2	D064419	21
NPY	D009422	13
NPY1R	D064419	21
NPY2R	D009422	13
NPY5R	D064419	21
NQO1	D004066	2
NQO2	D017437	19
NR0B1	D004700	3
NR0B2	D004066	2
NR1D1	D004066	2
NR1D2	D005261	5
NR1H2	D004066	2
NR1H3	D004066	2
NR1H4	D009358	11
NR1I2	D013568	17
NR1I3	D009750	14
NR2C1	D005261	5
NR2C2	D005261	5
NR2E3	D005128	4
NR2F2	D005261	5
NR2F6	D005261	5
NR3C1	D009750	14
NR3C2	D002318	1
NR4A1	D009750	14
NR4A2	D017437	19
NR4A3	D009750	14
NR5A1	D005261	5
NR5A2	D004066	2
NRAS	D009369	12
NRCAM	D064419	21
NRDC	D064419	21
NREP	D004066	2
NRF1	D009369	12
NRG1	D002318	1
NRIP1	D002318	1
NRK	D009358	11
NRL	D005128	4
NRP1	D005261	5
NRXN1	D009358	11
NRXN3	D064419	21
NSD1	D009369	12
NSD2	D009358	11
NSDHL	D009369	12
NSF	D064419	21
NSMF	D009369	12
NT5C2	D009369	12
NT5C3A	D017437	19
NTF3	D009422	13
NTF4	D005128	4
NTN1	D009422	13
NTRK1	D009369	12
NTRK2	D009369	12
NTRK3	D009369	12
NTS	D064419	21
NTSR1	D064419	21
NUBPL	D009750	14
NUMA1	D009369	12
NUP205	D009140	10
NUP214	D009369	12
NUP98	D009369	12
NUPR1	D002318	1
NUS1	D009369	12
OAS1	D012140	16
OAT	D004066	2
OBSCN	D002318	1
OC90	D010038	15
OCA2	D005128	4
OCLN	D009369	12
ODC1	D009369	12
OFD1	D009358	11
OGG1	D009369	12
OLFM4	D005261	5
OLR1	D002318	1
OPA1	D013568	17
OPRD1	D064419	21
OPRK1	D064419	21
OPRL1	D064419	21
OPRM1	D064419	21
OPTN	D005128	4
ORAI1	D002318	1
ORM1	D004066	2
ORMDL3	D004066	2
OSBPL5	D064419	21
OSBPL8	D013568	17
OSM	D017437	19
OSR2	D005261	5
OTC	D013568	17
OTX2	D009369	12
OVOL1	D009369	12
OVOL2	D009369	12
OXCT1	D009750	14
OXSR1	D002318	1
OXT	D013568	17
OXTR	D013568	17
P2RX2	D009422	13
P2RX4	D009422	13
P2RX7	D009422	13
P2RY1	D002318	1
P2RY12	D002318	1
P3H2	D005128	4
P4HB	D002318	1
P4HTM	D009422	13
PA2G4	D013568	17
PABPC1	D009369	12
PACS1	D064419	21
PADI3	D017437	19
PADI4	D009369	12
PAEP	D005261	5
PAK1	D009369	12
PALB2	D006425	6
PALLD	D013568	17
PAN2	D004066	2
PANK2	D009422	13
PANX1	D004066	2
PAPPA	D002318	1
PARK7	D009422	13
PARN	D012140	16
PARP1	D012140	16
PARVA	D064419	21
PASK	D013568	17
PATJ	D064419	21
PAWR	D009369	12
PAX1	D009358	11
PAX2	D005261	5
PAX3	D009358	11
PAX4	D009369	12
PAX6	D013568	17
PAX7	D009369	12
PAX8	D009369	12
PBLD	D009369	12
PBRM1	D009369	12
PBX1	D064419	21
PCDHB8	D009369	12
PCK1	D002318	1
PCK2	D013568	17
PCNA	D009369	12
PCSK1	D013568	17
PCSK5	D012140	16
PCSK9	D002318	1
PCYOX1	D013568	17
PDCD1	D009369	12
PDE10A	D064419	21
PDE11A	D004700	3
PDE12	D007239	8
PDE1C	D064419	21
PDE3A	D002318	1
PDE4B	D009369	12
PDE4D	D064419	21
PDE6A	D005128	4
PDE6B	D005128	4
PDE6G	D005128	4
PDE6H	D005128	4
PDE8B	D013568	17
PDGFA	D012140	16
PDGFB	D012140	16
PDGFC	D009369	12
PDGFD	D002318	1
PDGFRA	D002318	1
PDGFRB	D006425	6
PDHA1	D009750	14
PDIA3	D002318	1
PDK2	D009369	12
PDK4	D004066	2
PDLIM3	D002318	1
PDLIM5	D002318	1
PDP1	D009750	14
PDPK1	D002318	1
PDX1	D004066	2
PDYN	D009422	13
PDZD7	D005128	4
PDZK1	D009369	12
PEBP1	D002318	1
PECAM1	D002318	1
PEG3	D009369	12
PELI1	D017437	19
PEMT	D004066	2
PENK	D064419	21
PEPD	D007239	8
PER1	D064419	21
PER2	D064419	21
PER3	D064419	21
PEX11A	D009750	14
PEX7	D005128	4
PF4	D007154	7
PFKFB3	D002318	1
PFKM	D002318	1
PGAM1	D009369	12
PGBD5	D009369	12
PGF	D005261	5
PGM1	D002318	1
PGR	D005261	5
PGRMC1	D009422	13
PHACTR1	D002318	1
PHB	D009369	12
PHC1	D009369	12
PHETA1	D009358	11
PHF21A	D017437	19
PHGDH	D009369	12
PHLDB1	D009369	12
PHOX2B	D004066	2
PHYH	D005128	4
PI3	D017437	19
PIAS1	D017437	19
PIBF1	D005261	5
PICALM	D009369	12
PICK1	D064419	21
PIEZO2	D017437	19
PIGA	D006425	6
PIGB	D009140	10
PIGH	D009422	13
PIGM	D002318	1
PIGQ	D009422	13
PIGT	D006425	6
PIGU	D009140	10
PIK3CA	D009369	12
PIK3CB	D009369	12
PIK3CD	D012140	16
PIK3CG	D002318	1
PIK3R1	D009369	12
PIM1	D009369	12
PIM2	D009369	12
PINK1	D009422	13
PIP4K2A	D009369	12
PIR	D017437	19
PISD	D005128	4
PITPNM3	D005128	4
PITX2	D005128	4
PITX3	D005128	4
PIWIL1	D064419	21
PKD1	D017437	19
PKD1L1	D009358	11
PKD2	D009358	11
PKHD1	D009358	11
PKLR	D006425	6
PKM	D009369	12
PKMYT1	D009369	12
PKNOX2	D064419	21
PKP2	D002318	1
PLA2G2A	D002318	1
PLA2G4A	D012140	16
PLA2G5	D005128	4
PLA2G6	D009422	13
PLA2G7	D007154	7
PLA2R1	D064419	21
PLAA	D013568	17
PLAG1	D009369	12
PLAT	D006425	6
PLAU	D012140	16
PLAUR	D009369	12
PLCB1	D006425	6
PLCB4	D010038	15
PLCE1	D007239	8
PLCG1	D009369	12
PLCG2	D009422	13
PLD2	D007239	8
PLEKHA7	D005128	4
PLEKHG1	D064419	21
PLEKHG5	D009422	13
PLG	D006425	6
PLIN2	D004066	2
PLK1	D009369	12
PLK2	D009369	12
PLN	D002318	1
PLOD1	D009358	11
PLP1	D064419	21
PLPP1	D013568	17
PLPP3	D002318	1
PLTP	D009750	14
PLXNC1	D005261	5
PLXND1	D002318	1
PMAIP1	D064419	21
PMEL	D009369	12
PML	D009369	12
PMP22	D009422	13
PMS2	D009369	12
PNKP	D009750	14
PNOC	D009422	13
PNPLA2	D002318	1
PNPLA3	D004066	2
PNPLA6	D009422	13
PODXL	D002318	1
POLD1	D004700	3
POLG	D009422	13
POLK	D009369	12
POLR3B	D004700	3
POLR3K	D013568	17
POMC	D002318	1
POMP	D005128	4
PON1	D004700	3
PON2	D002318	1
POR	D009369	12
POT1	D009358	11
POU4F1	D009369	12
POU5F1	D009369	12
PPARA	D004066	2
PPARD	D009422	13
PPARG	D009369	12
PPARGC1A	D002318	1
PPARGC1B	D009750	14
PPAT	D002318	1
PPBP	D007154	7
PPFIBP1	D012140	16
PPIA	D009369	12
PPIF	D013568	17
PPM1B	D002318	1
PPM1D	D009369	12
PPM1G	D064419	21
PPP1R13L	D009369	12
PPP1R1A	D002318	1
PPP1R1B	D064419	21
PPP2CA	D002318	1
PPP2R1A	D013568	17
PPP2R2A	D013568	17
PPP2R2C	D013568	17
PPP2R5A	D013568	17
PPP2R5C	D013568	17
PPP2R5E	D013568	17
PPP3CA	D004066	2
PPP3R1	D002318	1
PPP6C	D009369	12
PPT1	D005128	4
PQBP1	D013568	17
PRAME	D009369	12
PRDM1	D004066	2
PRDM16	D009422	13
PRDM2	D064419	21
PRDM5	D017437	19
PRDM8	D009422	13
PRDX1	D009369	12
PRDX2	D009369	12
PRDX3	D009422	13
PRDX4	D009750	14
PRDX6	D017437	19
PRF1	D004066	2
PRICKLE1	D009422	13
PRKAA1	D009750	14
PRKAA2	D009750	14
PRKAB1	D013568	17
PRKACA	D009369	12
PRKACB	D009369	12
PRKAG2	D002318	1
PRKAR1A	D004700	3
PRKAR2B	D002318	1
PRKCA	D004066	2
PRKCB	D009750	14
PRKCD	D004066	2
PRKCE	D009422	13
PRKCH	D064419	21
PRKCQ	D005128	4
PRKCZ	D009358	11
PRKD1	D009369	12
PRKD3	D009369	12
PRKDC	D012140	16
PRKG1	D009369	12
PRKN	D009422	13
PRKRA	D009422	13
PRL	D004700	3
PRLR	D005261	5
PRMT6	D064419	21
PRNP	D009422	13
PROC	D002318	1
PROCR	D002318	1
PRODH	D009422	13
PROKR2	D064419	21
PROM1	D009369	12
PRPF19	D013568	17
PRPF3	D005128	4
PRPF31	D005128	4
PRPF4	D064419	21
PRPF6	D005128	4
PRPF8	D005128	4
PRPH2	D005128	4
PRPS1	D013568	17
PRRT2	D009422	13
PRRX1	D009422	13
PRSS1	D004066	2
PRSS2	D004066	2
PRSS56	D005128	4
PRSS8	D017437	19
PSCA	D009369	12
PSEN1	D009422	13
PSEN2	D009422	13
PSIP1	D009369	12
PSMA2	D002318	1
PSMA4	D009369	12
PSMA5	D004066	2
PSMB1	D009422	13
PSMB5	D002318	1
PSMD12	D017437	19
PSME1	D009369	12
PSMG1	D004066	2
PSTPIP1	D017437	19
PTBP1	D009369	12
PTCH1	D009369	12
PTCH2	D009369	12
PTEN	D009369	12
PTER	D009369	12
PTF1A	D004066	2
PTGER1	D009369	12
PTGER2	D005261	5
PTGER3	D002318	1
PTGER4	D005261	5
PTGES	D013568	17
PTGFR	D005261	5
PTGIR	D002318	1
PTGIS	D005261	5
PTGS1	D006425	6
PTGS2	D009369	12
PTH	D002318	1
PTH1R	D009057	9
PTHLH	D009140	10
PTK2	D009369	12
PTK2B	D009369	12
PTMA	D004066	2
PTN	D009369	12
PTP4A1	D064419	21
PTPA	D009358	11
PTPN1	D009750	14
PTPN11	D006425	6
PTPN14	D009369	12
PTPN2	D004066	2
PTPN22	D004066	2
PTPN3	D002318	1
PTPN5	D013568	17
PTPN6	D009750	14
PTPRA	D002318	1
PTPRB	D009369	12
PTPRC	D005128	4
PTPRF	D017437	19
PTPRJ	D006425	6
PTPRK	D009369	12
PTPRO	D009369	12
PTPRT	D009369	12
PTPRZ1	D007239	8
PTTG1	D017437	19
PTX3	D012140	16
PUF60	D013568	17
PURA	D009422	13
PUS1	D013568	17
PVR	D009369	12
PXDN	D009369	12
PYCARD	D009750	14
PYGB	D002318	1
PYY	D009422	13
QKI	D009369	12
QPCT	D009369	12
QSOX1	D064419	21
RAB11A	D017437	19
RAB12	D002318	1
RAB1B	D002318	1
RAB32	D007239	8
RAB39B	D009422	13
RAB3A	D009369	12
RAB5A	D002318	1
RAB7A	D002318	1
RAB7B	D002318	1
RAC1	D002318	1
RAC2	D009369	12
RACK1	D009369	12
RAD21	D009369	12
RAD23A	D013568	17
RAD51	D006425	6
RAD51B	D064419	21
RAD51C	D006425	6
RAD51D	D013568	17
RAD52	D009369	12
RAD9A	D009369	12
RAF1	D002318	1
RAG2	D004066	2
RAI1	D009369	12
RALBP1	D002318	1
RALY	D064419	21
RAMP2	D009369	12
RAN	D009369	12
RANBP10	D013568	17
RAP1GAP	D013568	17
RAPGEF2	D009422	13
RAPGEF3	D012140	16
RAPGEF5	D064419	21
RAPSN	D007154	7
RARA	D009369	12
RARB	D009369	12
RARG	D002318	1
RARRES2	D009750	14
RARS2	D009422	13
RASA1	D009369	12
RASGRF1	D005128	4
RASGRF2	D009369	12
RASGRP1	D009369	12
RASL11A	D005261	5
RASSF1	D002318	1
RASSF5	D009369	12
RAX	D009369	12
RAX2	D005128	4
RB1	D009369	12
RBFOX2	D009369	12
RBM20	D002318	1
RBMS3	D005128	4
RBP1	D009369	12
RBP3	D005128	4
RBP4	D005261	5
RBPJ	D005261	5
RC3H1	D006425	6
RCHY1	D013568	17
RD3	D009358	11
RDH12	D009358	11
RDH13	D013568	17
RDH5	D005128	4
RDX	D004066	2
REC8	D009369	12
RECK	D009369	12
REEP1	D009422	13
REEP5	D004066	2
REG3G	D002318	1
REL	D017437	19
RELA	D004066	2
RELB	D013568	17
RELN	D009422	13
REN	D002318	1
RET	D009369	12
RFC1	D064419	21
RFLNB	D004066	2
RFNG	D013568	17
RFX3	D017437	19
RFX4	D064419	21
RFX6	D009369	12
RGCC	D002318	1
RGR	D005128	4
RGS1	D017437	19
RGS17	D064419	21
RGS2	D009369	12
RGS4	D005261	5
RGS5	D002318	1
RGS9	D064419	21
RHAG	D006425	6
RHCE	D006425	6
RHD	D006425	6
RHO	D005128	4
RHOA	D009422	13
RHOB	D017437	19
RHOBTB2	D009422	13
RHOC	D002318	1
RHOJ	D002318	1
RIMS1	D005128	4
RIN3	D009140	10
RIPK2	D004066	2
RIPK3	D004066	2
RIPPLY2	D009140	10
RIT1	D002318	1
RLBP1	D005128	4
RNASE3	D007239	8
RNASE6	D004066	2
RNASET2	D009422	13
RNF114	D017437	19
RNF13	D013568	17
RNF135	D013568	17
RNF43	D009369	12
ROBO1	D009369	12
ROBO2	D009369	12
ROBO4	D002318	1
ROCK2	D002318	1
ROM1	D005128	4
RORB	D005261	5
RORC	D013568	17
ROS1	D009369	12
RP1	D005128	4
RP2	D005128	4
RPA1	D017437	19
RPE65	D009358	11
RPGR	D009358	11
RPGRIP1	D009358	11
RPGRIP1L	D009358	11
RPL11	D009140	10
RPL13	D013568	17
RPL15	D013568	17
RPL17	D002318	1
RPL18	D013568	17
RPL21	D017437	19
RPL27A	D006425	6
RPL28	D013568	17
RPL3	D009369	12
RPL5	D009140	10
RPL6	D009369	12
RPP38	D009369	12
RPS14	D013568	17
RPS15	D013568	17
RPS19	D009140	10
RPS2	D013568	17
RPS21	D013568	17
RPS26	D013568	17
RPS28	D013568	17
RPS3	D013568	17
RPS6	D013568	17
RPS6KA3	D009369	12
RPS6KA5	D064419	21
RPS6KB1	D013568	17
RPS8	D013568	17
RPTOR	D064419	21
RRM1	D013568	17
RRM2B	D009750	14
RRP9	D013568	17
RS1	D005128	4
RSAD2	D002318	1
RSPH9	D012140	16
RSPO4	D013568	17
RSU1	D017437	19
RTEL1	D012140	16
RTN1	D002318	1
RUFY3	D017437	19
RUNX1	D006425	6
RUNX1T1	D009369	12
RUNX2	D064419	21
RUNX3	D009369	12
RXFP1	D005261	5
RXRA	D009422	13
RXRB	D013568	17
RXRG	D002318	1
RYK	D013568	17
RYR1	D013568	17
RYR2	D002318	1
S100A10	D009369	12
S100A12	D009057	9
S100A4	D009369	12
S100A6	D009369	12
S100A7	D017437	19
S100A8	D009369	12
S100A9	D012140	16
S100B	D009422	13
S1PR1	D013568	17
S1PR2	D002318	1
S1PR5	D017437	19
SAA1	D017437	19
SAC3D1	D009369	12
SACS	D009422	13
SAG	D005128	4
SALL1	D009358	11
SAMD12	D009422	13
SAMD4A	D064419	21
SAMD9	D007239	8
SAMHD1	D009750	14
SAR1B	D009750	14
SARDH	D013568	17
SARM1	D007239	8
SAT1	D064419	21
SBDS	D006425	6
SC5D	D004066	2
SCARB1	D004066	2
SCARB2	D009422	13
SCD	D009369	12
SCG5	D009369	12
SCGB1A1	D012140	16
SCGB3A1	D005261	5
SCML2	D009369	12
SCN10A	D009422	13
SCN1A	D009422	13
SCN1B	D009422	13
SCN2A	D009422	13
SCN3A	D009422	13
SCN5A	D002318	1
SCN8A	D009422	13
SCN9A	D009422	13
SCNN1A	D009358	11
SCNN1B	D009358	11
SCNN1G	D009358	11
SCO1	D009750	14
SCO2	D002318	1
SCP2	D009422	13
SDCCAG8	D009358	11
SDF2L1	D005261	5
SDHA	D009369	12
SDHAF1	D009750	14
SDHAF2	D009750	14
SDHB	D009369	12
SDHC	D009750	14
SDHD	D009369	12
SEC16B	D013568	17
SECISBP2	D004700	3
SELE	D002318	1
SELENOP	D009750	14
SELENOS	D013568	17
SELP	D007154	7
SEMA3B	D009369	12
SEMA3E	D004700	3
SEMA4A	D005128	4
SEMA5A	D064419	21
SEMA6D	D064419	21
SEPSECS	D009422	13
SEPTIN14	D009369	12
SEPTIN5	D009422	13
SEPTIN9	D009369	12
SERBP1	D013568	17
SERPINA1	D012140	16
SERPINA10	D006425	6
SERPINA5	D064419	21
SERPINA6	D004066	2
SERPINB2	D009422	13
SERPINB3	D005261	5
SERPINB4	D005261	5
SERPINB8	D017437	19
SERPINB9	D017437	19
SERPINC1	D002318	1
SERPIND1	D002318	1
SERPINE1	D006425	6
SERPINF1	D005128	4
SERPINF2	D006425	6
SERPINH1	D005261	5
SERPINI1	D009422	13
SESTD1	D013568	17
SET	D013568	17
SETD1A	D009422	13
SETD2	D013568	17
SETDB1	D009369	12
SF1	D009369	12
SF3B1	D006425	6
SFN	D009369	12
SFPQ	D017437	19
SFRP1	D013568	17
SFRP2	D004066	2
SFTPA1	D012140	16
SFTPB	D012140	16
SFTPD	D012140	16
SGIP1	D064419	21
SGK1	D009369	12
SGMS2	D009140	10
SGO1	D009422	13
SGPL1	D004700	3
SH2B3	D006425	6
SH3GL1	D009369	12
SH3PXD2B	D013568	17
SHARPIN	D006425	6
SHH	D009422	13
SHMT1	D064419	21
SHOC2	D017437	19
SIAE	D007154	7
SIAH2	D005128	4
SIGMAR1	D009422	13
SIK1	D009422	13
SIM1	D009750	14
SIN3A	D009422	13
SIPA1	D009369	12
SIPA1L1	D002318	1
SIRPA	D009369	12
SIRT1	D004066	2
SIRT3	D009369	12
SIRT4	D002318	1
SIRT7	D004066	2
SIVA1	D007239	8
SIX1	D009358	11
SIX3	D009369	12
SIX5	D009358	11
SIX6	D005128	4
SKI	D002318	1
SKIL	D012140	16
SKIV2L	D007154	7
SKP2	D009369	12
SLAMF8	D004066	2
SLC10A2	D064419	21
SLC10A7	D009140	10
SLC11A1	D004066	2
SLC11A2	D006425	6
SLC12A2	D009422	13
SLC12A3	D002318	1
SLC12A5	D009422	13
SLC12A6	D009422	13
SLC15A2	D009369	12
SLC16A1	D009750	14
SLC16A2	D004066	2
SLC16A6	D005261	5
SLC17A5	D009369	12
SLC18A2	D009422	13
SLC19A1	D009369	12
SLC19A3	D009422	13
SLC1A1	D009422	13
SLC1A2	D009422	13
SLC1A3	D009422	13
SLC20A1	D005261	5
SLC20A2	D009422	13
SLC22A3	D064419	21
SLC22A4	D002318	1
SLC22A5	D002318	1
SLC22A6	D009750	14
SLC22A8	D004066	2
SLC23A1	D012140	16
SLC23A2	D004066	2
SLC24A1	D005128	4
SLC24A3	D009369	12
SLC24A5	D005128	4
SLC25A10	D009369	12
SLC25A11	D012140	16
SLC25A22	D009422	13
SLC25A3	D009750	14
SLC25A37	D006425	6
SLC25A38	D006425	6
SLC25A4	D002318	1
SLC26A2	D009140	10
SLC26A3	D004066	2
SLC26A4	D004700	3
SLC26A9	D004066	2
SLC27A2	D013568	17
SLC29A1	D064419	21
SLC2A1	D009422	13
SLC2A13	D064419	21
SLC2A2	D004066	2
SLC2A3	D009369	12
SLC2A4	D009750	14
SLC2A9	D013568	17
SLC30A10	D004700	3
SLC30A2	D013568	17
SLC30A4	D009422	13
SLC30A6	D009422	13
SLC31A1	D013568	17
SLC33A1	D005128	4
SLC34A1	D009750	14
SLC34A2	D064419	21
SLC35A1	D013568	17
SLC35A2	D009422	13
SLC39A12	D009369	12
SLC39A13	D009140	10
SLC40A1	D013568	17
SLC45A2	D009369	12
SLC46A1	D006425	6
SLC4A1	D009750	14
SLC4A10	D009422	13
SLC4A3	D002318	1
SLC4A4	D005128	4
SLC51A	D004066	2
SLC51B	D004066	2
SLC52A1	D009750	14
SLC52A3	D009422	13
SLC5A5	D009369	12
SLC5A6	D013568	17
SLC5A8	D013568	17
SLC6A1	D009422	13
SLC6A11	D009369	12
SLC6A14	D004066	2
SLC6A18	D002318	1
SLC6A2	D002318	1
SLC6A20	D009369	12
SLC6A3	D013568	17
SLC6A4	D064419	21
SLC6A5	D009422	13
SLC6A6	D002318	1
SLC6A9	D064419	21
SLC7A11	D017437	19
SLC7A8	D005261	5
SLC8A1	D002318	1
SLC9A1	D002318	1
SLC9A2	D013568	17
SLC9A3	D013568	17
SLC9A3R2	D002318	1
SLC9A4	D009750	14
SLC9A8	D009422	13
SLCO1B1	D064419	21
SLCO2A1	D064419	21
SLCO3A1	D064419	21
SLFN14	D006425	6
SLIT2	D009422	13
SLIT3	D013568	17
SLK	D064419	21
SLU7	D013568	17
SLX4	D006425	6
SMAD1	D064419	21
SMAD2	D013568	17
SMAD3	D002318	1
SMAD4	D009369	12
SMAD5	D064419	21
SMAD6	D002318	1
SMAD7	D012140	16
SMAD9	D012140	16
SMARCA2	D009369	12
SMARCA4	D009369	12
SMARCB1	D009369	12
SMARCC1	D009369	12
SMARCD1	D009140	10
SMARCD2	D006425	6
SMARCE1	D009369	12
SMC1A	D009422	13
SMC3	D009369	12
SMN1	D009422	13
SMO	D009369	12
SMOC1	D009358	11
SMPD3	D006425	6
SMPDL3A	D005261	5
SMURF1	D064419	21
SMYD3	D064419	21
SMYD4	D009369	12
SNAI1	D004066	2
SNAI2	D009358	11
SNAP23	D002318	1
SNAP25	D009422	13
SNCA	D009422	13
SNCG	D009369	12
SNRNP200	D005128	4
SNRNP70	D064419	21
SNRPB	D013568	17
SNRPD3	D009369	12
SNRPE	D017437	19
SNX5	D013568	17
SOCS1	D004066	2
SOCS3	D002318	1
SOCS4	D009369	12
SOD1	D012140	16
SOD2	D009422	13
SOD3	D012140	16
SON	D009369	12
SORBS2	D013568	17
SORD	D004066	2
SORL1	D009422	13
SORT1	D002318	1
SOS1	D002318	1
SOX10	D009358	11
SOX11	D009369	12
SOX17	D013568	17
SOX18	D017437	19
SOX2	D009369	12
SOX4	D002318	1
SOX8	D009422	13
SOX9	D013568	17
SP1	D009750	14
SPAG5	D005261	5
SPARC	D009140	10
SPARCL1	D009422	13
SPATA7	D009358	11
SPG21	D064419	21
SPG7	D009422	13
SPHK1	D006425	6
SPI1	D009369	12
SPINT2	D009369	12
SPN	D009750	14
SPOP	D009369	12
SPP1	D012140	16
SPR	D009422	13
SPRR1A	D009369	12
SPRTN	D013568	17
SPRY2	D012140	16
SPRY4	D009369	12
SPTBN1	D013568	17
SQSTM1	D009140	10
SRA1	D004700	3
SRC	D004066	2
SRCAP	D009369	12
SRCIN1	D064419	21
SRD5A1	D005261	5
SRD5A2	D052801	20
SREBF1	D004066	2
SREBF2	D009750	14
SRF	D009369	12
SRGAP1	D009369	12
SRGAP3	D013568	17
SRP54	D006425	6
SRP68	D017437	19
SRP72	D006425	6
SRPK2	D009369	12
SRPX2	D009422	13
SRRM4	D010038	15
SRRT	D009369	12
SRSF2	D006425	6
SRSF5	D004066	2
SSBP1	D017437	19
SST	D005261	5
SSTR1	D009369	12
SSTR2	D009369	12
SSTR3	D009369	12
ST18	D064419	21
ST3GAL1	D007239	8
ST3GAL3	D009422	13
ST3GAL4	D007239	8
ST3GAL5	D009422	13
ST8SIA1	D004066	2
STAG2	D006425	6
STAG3L1	D009369	12
STAMBP	D009422	13
STAP1	D009750	14
STAT1	D013568	17
STAT3	D012140	16
STAT4	D017437	19
STAT5A	D009369	12
STAT5B	D013568	17
STAT6	D012140	16
STC2	D004066	2
STEAP3	D006425	6
STIM1	D002318	1
STIM2	D013568	17
STK11	D004066	2
STK19	D009369	12
STK39	D002318	1
STMN1	D009369	12
STN1	D012140	16
STOML2	D017437	19
STON2	D064419	21
STRA6	D012140	16
STRADA	D009369	12
STS	D004066	2
STX11	D006425	6
STX17	D009369	12
STX1B	D009422	13
STXBP1	D009422	13
STXBP2	D006425	6
STYK1	D009369	12
SUCLG1	D013568	17
SUCLG2	D005261	5
SUFU	D009369	12
SULF2	D005261	5
SULT1A1	D013568	17
SULT1A2	D013568	17
SULT1E1	D004066	2
SULT2B1	D013568	17
SURF1	D009750	14
SUV39H1	D013568	17
SUZ12	D009369	12
SVIL	D009369	12
SYCP1	D009369	12
SYCP3	D005261	5
SYK	D009369	12
SYMPK	D013568	17
SYNCRIP	D009369	12
SYNE1	D064419	21
SYNGAP1	D009422	13
SYNGR1	D009369	12
SYNJ1	D009422	13
SYT13	D064419	21
SYT4	D009369	12
TAC1	D013568	17
TAC3	D004700	3
TACC1	D009369	12
TACC3	D009369	12
TACR1	D064419	21
TACR2	D012140	16
TACR3	D004700	3
TACSTD2	D005261	5
TAF15	D013568	17
TAF1L	D009369	12
TAGAP	D004066	2
TAGLN	D005261	5
TAP1	D002318	1
TARBP2	D013568	17
TAS2R13	D064419	21
TAS2R16	D064419	21
TAS2R38	D064419	21
TAS2R60	D009369	12
TAZ	D002318	1
TBC1D24	D009422	13
TBCA	D002318	1
TBCD	D012140	16
TBCE	D013568	17
TBCK	D009369	12
TBL1XR1	D009369	12
TBR1	D013568	17
TBX15	D009140	10
TBX19	D004700	3
TBX2	D009369	12
TBX20	D002318	1
TBX21	D013568	17
TBX3	D004700	3
TBX4	D009140	10
TBXA2R	D006425	6
TBXAS1	D006425	6
TBXT	D009369	12
TCAP	D002318	1
TCEA2	D009369	12
TCF21	D002318	1
TCF4	D009422	13
TCF7	D004066	2
TCF7L2	D013568	17
TCHH	D017437	19
TCIRG1	D006425	6
TCN1	D006425	6
TCN2	D009422	13
TCTN3	D005128	4
TDO2	D009750	14
TDRD7	D005128	4
TEK	D005128	4
TENM2	D064419	21
TENM3	D064419	21
TERT	D012140	16
TES	D009369	12
TESK2	D064419	21
TET2	D006425	6
TET3	D009422	13
TF	D007239	8
TFAM	D009422	13
TFAP2A	D009358	11
TFAP2B	D013568	17
TFE3	D009369	12
TFPI	D013568	17
TFRC	D005261	5
TG	D004700	3
TGFA	D012140	16
TGFB1	D012140	16
TGFB2	D002318	1
TGFB3	D012140	16
TGFBI	D005261	5
TGFBR1	D005261	5
TGFBR2	D002318	1
TGM1	D017437	19
TGM2	D009369	12
TGM3	D017437	19
TGM5	D017437	19
TH	D009422	13
THAP1	D009422	13
THBD	D006425	6
THBS1	D013568	17
THEMIS	D064419	21
THG1L	D013568	17
THPO	D006425	6
THRA	D004700	3
THRB	D004700	3
THRSP	D009369	12
THY1	D005128	4
TIAM1	D009369	12
TIAM2	D064419	21
TICAM1	D007239	8
TIMM10	D009369	12
TIMM8A	D005128	4
TIMP1	D012140	16
TIMP2	D005261	5
TIMP3	D005261	5
TINF2	D017437	19
TIPARP	D064419	21
TIRAP	D007239	8
TJP2	D004066	2
TKFC	D004066	2
TKT	D013568	17
TLE4	D009369	12
TLE5	D002318	1
TLK1	D009369	12
TLR1	D064419	21
TLR2	D006425	6
TLR4	D004066	2
TLR5	D013568	17
TLR8	D017437	19
TLR9	D004066	2
TLX1	D006425	6
TM6SF2	D004066	2
TMCO1	D005128	4
TMED2	D002318	1
TMEM126B	D009750	14
TMEM127	D009369	12
TMEM216	D009358	11
TMEM231	D009358	11
TMEM237	D009358	11
TMEM30B	D009369	12
TMEM43	D002318	1
TMEM67	D009358	11
TMEM70	D002318	1
TMPRSS7	D064419	21
TNC	D005261	5
TNF	D012140	16
TNFAIP3	D017437	19
TNFAIP6	D017437	19
TNFRSF10A	D009422	13
TNFRSF10B	D009369	12
TNFRSF11A	D009140	10
TNFRSF11B	D009140	10
TNFRSF13B	D007154	7
TNFRSF19	D009369	12
TNFRSF1A	D002318	1
TNFRSF1B	D004066	2
TNFRSF21	D013568	17
TNFRSF4	D007154	7
TNFSF10	D005261	5
TNFSF11	D009140	10
TNFSF12	D007154	7
TNFSF13	D005261	5
TNFSF15	D004066	2
TNFSF9	D017437	19
TNIK	D017437	19
TNIP1	D017437	19
TNK2	D009369	12
TNNC1	D002318	1
TNNC2	D002318	1
TNNI3	D002318	1
TNNI3K	D009369	12
TNNT2	D002318	1
TNR	D005261	5
TNRC6A	D009422	13
TOB1	D005261	5
TOE1	D009422	13
TOM1	D009358	11
TOMM40	D009422	13
TOP1	D013568	17
TOP2A	D009369	12
TOP2B	D009369	12
TOPORS	D009358	11
TOR1A	D009422	13
TP53	D009369	12
TP53BP1	D009369	12
TP53BP2	D005128	4
TP53I3	D009369	12
TP63	D005261	5
TP73	D009369	12
TPH1	D064419	21
TPI1	D009422	13
TPM1	D002318	1
TPM3	D009369	12
TPM4	D002318	1
TPMT	D006425	6
TPO	D004700	3
TPP1	D009422	13
TPSAB1	D017437	19
TRA2A	D017437	19
TRAF1	D005261	5
TRAF6	D002318	1
TRAP1	D013568	17
TRAPPC1	D009369	12
TRAPPC10	D017437	19
TRAPPC4	D009140	10
TRDN	D002318	1
TREM1	D004066	2
TREM2	D009422	13
TREX1	D009422	13
TRH	D009369	12
TRHR	D004700	3
TRIB1	D002318	1
TRIB3	D004066	2
TRIM10	D017437	19
TRIM28	D002318	1
TRIM31	D017437	19
TRIM32	D009358	11
TRIM33	D009369	12
TRIM40	D017437	19
TRIM63	D002318	1
TRIO	D009369	12
TRIP13	D009369	12
TRIT1	D009369	12
TRNT1	D006425	6
TRPA1	D012140	16
TRPC3	D002318	1
TRPC5	D002318	1
TRPC6	D013568	17
TRPM1	D005128	4
TRPM3	D064419	21
TRPM6	D009750	14
TRPM7	D013568	17
TRPM8	D009422	13
TRPS1	D009369	12
TRPV1	D002318	1
TRPV4	D009422	13
TRRAP	D009369	12
TSC1	D009358	11
TSC2	D009358	11
TSEN2	D009422	13
TSEN34	D009422	13
TSEN54	D009422	13
TSHB	D004700	3
TSHR	D004700	3
TSHZ1	D009358	11
TSLP	D013568	17
TSPAN12	D005128	4
TSPO	D004066	2
TSPYL2	D017437	19
TST	D004066	2
TTC19	D009750	14
TTC21B	D064419	21
TTC37	D007154	7
TTC8	D009358	11
TTLL9	D009369	12
TTN	D002318	1
TTPA	D002318	1
TTR	D004700	3
TUBA1A	D002318	1
TUBA1C	D002318	1
TUBB1	D006425	6
TUBB2A	D009369	12
TUBB2B	D009369	12
TULP1	D009358	11
TXN	D017437	19
TXNIP	D005261	5
TXNRD1	D009422	13
TXNRD2	D005128	4
TYK2	D004066	2
TYMP	D009422	13
TYMS	D009369	12
TYR	D009369	12
TYRO3	D002318	1
TYROBP	D009422	13
TYRP1	D009369	12
U2AF1	D006425	6
UBA1	D009369	12
UBA5	D004066	2
UBA7	D009369	12
UBAP2	D064419	21
UBASH3A	D004066	2
UBE2C	D013568	17
UBE2E1	D017437	19
UBE2I	D009369	12
UBE2T	D006425	6
UBE4B	D013568	17
UBR4	D009369	12
UBXN1	D013568	17
UCHL1	D009422	13
UCN	D013568	17
UCN2	D002318	1
UCN3	D012140	16
UCP1	D002318	1
UCP2	D004066	2
UGCG	D002318	1
UGT1A1	D009369	12
UGT1A6	D017437	19
UGT2B10	D009369	12
UGT2B17	D009369	12
UHRF1	D009369	12
UMOD	D009358	11
UMPS	D009369	12
UNC119	D005128	4
UNC13D	D006425	6
UNC5C	D009422	13
UPB1	D009422	13
UQCC2	D009750	14
UQCC3	D009750	14
UQCR11	D009369	12
UQCRB	D009750	14
UQCRC2	D009750	14
UQCRFS1	D002318	1
URI1	D009369	12
URM1	D013568	17
UROD	D009369	12
USH1C	D009358	11
USH1G	D009358	11
USH2A	D009358	11
USO1	D017437	19
USP13	D017437	19
USP18	D009369	12
USP48	D064419	21
USP6NL	D009369	12
USP8	D004700	3
UST	D005261	5
UTS2	D009422	13
UVSSA	D017437	19
VAMP2	D009422	13
VAMP7	D009369	12
VAMP8	D009369	12
VAPB	D009422	13
VAV1	D009369	12
VAV3	D002318	1
VAX1	D005128	4
VCAM1	D002318	1
VCAN	D005261	5
VCL	D002318	1
VCP	D013568	17
VDAC1	D009422	13
VDAC2	D009422	13
VDR	D009422	13
VEGFA	D006425	6
VEGFB	D013568	17
VEGFC	D006425	6
VGF	D004066	2
VGLL2	D009369	12
VHL	D009358	11
VIL1	D004066	2
VIM	D005128	4
VIP	D013568	17
VKORC1	D002318	1
VLDLR	D004066	2
VNN1	D009750	14
VNN2	D017437	19
VNN3	D017437	19
VPS45	D006425	6
VPS53	D009422	13
VPS54	D013568	17
VRK1	D009422	13
VSIG4	D009369	12
VSX1	D005128	4
VSX2	D005128	4
VTI1A	D009369	12
VTN	D004066	2
VWF	D002318	1
WDR1	D006425	6
WDR11	D064419	21
WDR12	D002318	1
WDR19	D009358	11
WDR35	D009358	11
WDR36	D005128	4
WDR45	D002318	1
WDR46	D013568	17
WDR74	D009369	12
WDR81	D009422	13
WEE1	D009369	12
WFS1	D005128	4
WHRN	D009358	11
WIPI1	D004066	2
WNK1	D002318	1
WNK4	D002318	1
WNT11	D009358	11
WNT4	D005261	5
WNT5A	D012140	16
WNT5B	D009369	12
WNT7A	D005261	5
WRAP53	D013568	17
WRN	D009750	14
WT1	D013568	17
WWOX	D009422	13
WWTR1	D009369	12
XAF1	D009369	12
XBP1	D004066	2
XDH	D002318	1
XIAP	D013568	17
XPA	D009369	12
XPC	D013568	17
XPNPEP3	D009358	11
XPO5	D013568	17
XPO6	D064419	21
XPR1	D009422	13
XRCC1	D009057	9
XRCC2	D006425	6
XRCC3	D009369	12
XRCC4	D013568	17
XRCC5	D064419	21
XYLT1	D064419	21
XYLT2	D017437	19
YAP1	D009369	12
YEATS4	D009369	12
YIF1A	D009369	12
YWHAH	D002318	1
YWHAZ	D009369	12
YY1	D013568	17
ZAP70	D007154	7
ZBTB16	D009369	12
ZBTB20	D009369	12
ZBTB7A	D009369	12
ZBTB8OS	D009369	12
ZC3H12A	D002318	1
ZC3H12C	D017437	19
ZDHHC13	D009750	14
ZDHHC2	D013568	17
ZDHHC9	D009422	13
ZEB1	D013568	17
ZEB2	D013568	17
ZFAND6	D013568	17
ZFHX4	D005128	4
ZFP36	D009140	10
ZFPM2	D013568	17
ZIC3	D009358	11
ZMPSTE24	D009140	10
ZNF267	D017437	19
ZNF366	D064419	21
ZNF423	D009358	11
ZNF438	D009369	12
ZNF462	D013568	17
ZNF513	D005128	4
ZNF593	D013568	17
ZNF606	D064419	21
ZNF658	D017437	19
ZNF668	D009369	12
ZNF699	D064419	21
ZNF750	D017437	19
ZNF816	D017437	19
ZRSR2	D006425	6
ZWILCH	D013568	17
